sequence,case_id,planner,time_s,speed_mps,speed_bin,metric_frame,uav_profile,uav_profile_label,recorded_clearance_at_t_m,sensor_hz,sensor_period_ms,sensor_pipeline_ms,raw_costmap_update_ms,costmap_update_ms,raw_planner_compute_ms,planner_compute_ms,control_publish_ms,costmap_scale,planner_scale,total_delay_ms,delay_distance_m,goal_lookahead_s,min_clearance_m,collision,safety_violation,status,planner_failed,failure_reason,occupied_costmap_cells,costmap_width,costmap_height,costmap_layers
1,0,rrt,7.375,0.5756,0.5-1.0,3d_optitrack_xzy_cylinder,jetson_orin_nano,Emulated Jetson Orin Nano-class companion computer,2.226,10.0,100.0,20.0,0.518,3.777,0.342,5.684,15.0,1.5,2.0,144.461,0.0823,1.5,1.4999,0,0,safe,0,,4380,39,46,45
1,1,rrt,7.7375,0.5711,0.5-1.0,3d_optitrack_xzy_cylinder,jetson_orin_nano,Emulated Jetson Orin Nano-class companion computer,2.0601,10.0,100.0,20.0,0.598,3.897,0.343,5.686,15.0,1.5,2.0,144.583,0.0829,1.5,1.355,0,0,safe,0,,4380,39,43,45
1,2,rrt,8.1,0.61,0.5-1.0,3d_optitrack_xzy_cylinder,jetson_orin_nano,Emulated Jetson Orin Nano-class companion computer,1.9004,10.0,100.0,20.0,0.343,3.514,0.338,5.676,15.0,1.5,2.0,144.191,0.0892,1.5,1.238,0,0,safe,0,,4500,39,41,45
1,3,rrt,8.4625,0.6619,0.5-1.0,3d_optitrack_xzy_cylinder,jetson_orin_nano,Emulated Jetson Orin Nano-class companion computer,1.7393,10.0,100.0,20.0,0.443,3.664,0.312,5.625,15.0,1.5,2.0,144.289,0.097,1.5,1.1971,0,0,safe,0,,4560,39,39,45
1,4,rrt,8.8125,0.7224,0.5-1.0,3d_optitrack_xzy_cylinder,jetson_orin_nano,Emulated Jetson Orin Nano-class companion computer,1.588,10.0,100.0,20.0,0.572,3.859,0.314,5.628,15.0,1.5,2.0,144.487,0.1065,1.5,1.2104,0,0,safe,0,,4500,40,39,45
1,5,rrt,9.175,0.7909,0.5-1.0,3d_optitrack_xzy_cylinder,jetson_orin_nano,Emulated Jetson Orin Nano-class companion computer,1.4382,10.0,100.0,20.0,0.582,3.874,0.382,5.764,15.0,1.5,2.0,144.637,0.1177,1.5,1.2156,0,0,safe,0,,4620,40,39,45
1,6,rrt,9.5375,0.845,0.5-1.0,3d_optitrack_xzy_cylinder,jetson_orin_nano,Emulated Jetson Orin Nano-class companion computer,1.2976,10.0,100.0,20.0,0.482,3.723,0.342,5.684,15.0,1.5,2.0,144.407,0.1215,1.5,1.2029,0,0,safe,0,,4620,40,37,45
1,7,rrt,9.9,0.8688,0.5-1.0,3d_optitrack_xzy_cylinder,jetson_orin_nano,Emulated Jetson Orin Nano-class companion computer,1.209,10.0,100.0,20.0,0.524,3.786,0.328,5.656,15.0,1.5,2.0,144.443,0.1242,1.5,1.196,0,0,safe,0,,4620,40,34,45
1,0,rrt_star,7.375,0.5756,0.5-1.0,3d_optitrack_xzy_cylinder,jetson_orin_nano,Emulated Jetson Orin Nano-class companion computer,2.226,10.0,100.0,20.0,0.416,3.624,0.307,5.613,15.0,1.5,2.0,144.237,0.0822,1.5,1.5015,0,0,safe,0,,4380,39,46,45
1,1,rrt_star,7.7375,0.5711,0.5-1.0,3d_optitrack_xzy_cylinder,jetson_orin_nano,Emulated Jetson Orin Nano-class companion computer,2.0601,10.0,100.0,20.0,0.414,3.621,0.319,5.637,15.0,1.5,2.0,144.258,0.0827,1.5,1.355,0,0,safe,0,,4380,39,43,45
1,2,rrt_star,8.1,0.61,0.5-1.0,3d_optitrack_xzy_cylinder,jetson_orin_nano,Emulated Jetson Orin Nano-class companion computer,1.9004,10.0,100.0,20.0,0.495,3.743,0.325,5.649,15.0,1.5,2.0,144.392,0.0894,1.5,1.238,0,0,safe,0,,4500,39,41,45
1,3,rrt_star,8.4625,0.6619,0.5-1.0,3d_optitrack_xzy_cylinder,jetson_orin_nano,Emulated Jetson Orin Nano-class companion computer,1.7393,10.0,100.0,20.0,0.499,3.749,0.358,5.716,15.0,1.5,2.0,144.465,0.0971,1.5,1.1971,0,0,safe,0,,4560,39,39,45
1,4,rrt_star,8.8125,0.7224,0.5-1.0,3d_optitrack_xzy_cylinder,jetson_orin_nano,Emulated Jetson Orin Nano-class companion computer,1.588,10.0,100.0,20.0,0.437,3.655,0.333,5.666,15.0,1.5,2.0,144.322,0.1064,1.5,1.2104,0,0,safe,0,,4500,40,39,45
1,5,rrt_star,9.175,0.7909,0.5-1.0,3d_optitrack_xzy_cylinder,jetson_orin_nano,Emulated Jetson Orin Nano-class companion computer,1.4382,10.0,100.0,20.0,0.783,4.174,0.345,5.69,15.0,1.5,2.0,144.865,0.1179,1.5,1.2156,0,0,safe,0,,4620,40,39,45
1,6,rrt_star,9.5375,0.845,0.5-1.0,3d_optitrack_xzy_cylinder,jetson_orin_nano,Emulated Jetson Orin Nano-class companion computer,1.2976,10.0,100.0,20.0,0.429,3.643,0.35,5.7,15.0,1.5,2.0,144.343,0.1214,1.5,1.203,0,0,safe,0,,4620,40,37,45
1,7,rrt_star,9.9,0.8688,0.5-1.0,3d_optitrack_xzy_cylinder,jetson_orin_nano,Emulated Jetson Orin Nano-class companion computer,1.209,10.0,100.0,20.0,0.354,3.532,0.342,5.684,15.0,1.5,2.0,144.216,0.124,1.5,1.196,0,0,safe,0,,4620,40,34,45
1,0,mppi,7.375,0.5756,0.5-1.0,3d_optitrack_xzy_cylinder,jetson_orin_nano,Emulated Jetson Orin Nano-class companion computer,2.226,10.0,100.0,20.0,0.405,3.608,11.314,27.629,15.0,1.5,2.0,166.236,0.0951,1.5,1.4716,0,0,safe,0,,4380,39,46,45
1,1,mppi,7.7375,0.5711,0.5-1.0,3d_optitrack_xzy_cylinder,jetson_orin_nano,Emulated Jetson Orin Nano-class companion computer,2.0601,10.0,100.0,20.0,0.435,3.652,11.213,27.426,15.0,1.5,2.0,166.078,0.0958,1.5,1.3458,0,0,safe,0,,4380,39,43,45
1,2,mppi,8.1,0.61,0.5-1.0,3d_optitrack_xzy_cylinder,jetson_orin_nano,Emulated Jetson Orin Nano-class companion computer,1.9004,10.0,100.0,20.0,0.306,3.459,11.107,27.214,15.0,1.5,2.0,165.672,0.1028,1.5,1.2335,0,0,safe,0,,4500,39,41,45
1,3,mppi,8.4625,0.6619,0.5-1.0,3d_optitrack_xzy_cylinder,jetson_orin_nano,Emulated Jetson Orin Nano-class companion computer,1.7393,10.0,100.0,20.0,0.267,3.4,11.108,27.217,15.0,1.5,2.0,165.617,0.1121,1.5,1.1977,0,0,safe,0,,4560,39,39,45
1,4,mppi,8.8125,0.7224,0.5-1.0,3d_optitrack_xzy_cylinder,jetson_orin_nano,Emulated Jetson Orin Nano-class companion computer,1.588,10.0,100.0,20.0,0.278,3.417,11.109,27.218,15.0,1.5,2.0,165.634,0.1228,1.5,1.2113,0,0,safe,0,,4500,40,39,45
1,5,mppi,9.175,0.7909,0.5-1.0,3d_optitrack_xzy_cylinder,jetson_orin_nano,Emulated Jetson Orin Nano-class companion computer,1.4382,10.0,100.0,20.0,0.273,3.41,11.132,27.264,15.0,1.5,2.0,165.674,0.1341,1.5,1.2152,0,0,safe,0,,4620,40,39,45
1,6,mppi,9.5375,0.845,0.5-1.0,3d_optitrack_xzy_cylinder,jetson_orin_nano,Emulated Jetson Orin Nano-class companion computer,1.2976,10.0,100.0,20.0,0.36,3.54,12.42,29.841,15.0,1.5,2.0,168.381,0.1435,1.5,1.202,0,0,safe,0,,4620,40,37,45
1,7,mppi,9.9,0.8688,0.5-1.0,3d_optitrack_xzy_cylinder,jetson_orin_nano,Emulated Jetson Orin Nano-class companion computer,1.209,10.0,100.0,20.0,0.259,3.388,13.701,32.402,15.0,1.5,2.0,170.791,0.1464,1.5,1.1963,0,0,safe,0,,4620,40,34,45
2,0,rrt,5.15,0.8312,0.5-1.0,3d_optitrack_xzy_cylinder,jetson_orin_nano,Emulated Jetson Orin Nano-class companion computer,3.3162,10.0,100.0,20.0,0.633,3.95,0.299,5.597,15.0,1.5,2.0,144.547,0.1221,1.5,2.1725,0,0,safe,0,,4560,55,45,45
2,1,rrt,5.5125,0.8947,0.5-1.0,3d_optitrack_xzy_cylinder,jetson_orin_nano,Emulated Jetson Orin Nano-class companion computer,3.0588,10.0,100.0,20.0,0.436,3.655,0.299,5.598,15.0,1.5,2.0,144.252,0.1307,1.5,1.9585,0,0,safe,0,,4500,52,45,45
2,2,rrt,5.8625,0.9444,0.5-1.0,3d_optitrack_xzy_cylinder,jetson_orin_nano,Emulated Jetson Orin Nano-class companion computer,2.8071,10.0,100.0,20.0,0.473,3.709,0.296,5.591,15.0,1.5,2.0,144.3,0.1371,1.5,1.7811,0,0,safe,0,,4500,49,45,45
2,3,rrt,6.225,0.9921,0.5-1.0,3d_optitrack_xzy_cylinder,jetson_orin_nano,Emulated Jetson Orin Nano-class companion computer,2.5534,10.0,100.0,20.0,0.446,3.669,0.292,5.584,15.0,1.5,2.0,144.254,0.1444,1.5,1.6545,0,0,safe,0,,4560,45,45,45
2,4,rrt,6.5875,1.0302,1.0-1.5,3d_optitrack_xzy_cylinder,jetson_orin_nano,Emulated Jetson Orin Nano-class companion computer,2.3059,10.0,100.0,20.0,0.382,3.572,0.29,5.581,15.0,1.5,2.0,144.153,0.1488,1.5,1.6129,0,0,safe,0,,4680,43,45,45
2,5,rrt,6.95,1.0522,1.0-1.5,3d_optitrack_xzy_cylinder,jetson_orin_nano,Emulated Jetson Orin Nano-class companion computer,2.0768,10.0,100.0,20.0,0.387,3.58,0.289,5.577,15.0,1.5,2.0,144.157,0.1501,1.5,1.6179,0,0,safe,0,,4590,43,45,45
2,6,rrt,7.3,1.0719,1.0-1.5,3d_optitrack_xzy_cylinder,jetson_orin_nano,Emulated Jetson Orin Nano-class companion computer,1.8807,10.0,100.0,20.0,0.682,4.023,0.306,5.611,15.0,1.5,2.0,144.635,0.1554,1.5,1.6228,0,0,safe,0,,4590,44,44,45
2,7,rrt,7.6625,1.0885,1.0-1.5,3d_optitrack_xzy_cylinder,jetson_orin_nano,Emulated Jetson Orin Nano-class companion computer,1.7184,10.0,100.0,20.0,0.546,3.819,0.302,5.605,15.0,1.5,2.0,144.424,0.1579,1.5,1.6212,0,0,safe,0,,4680,44,44,45
2,0,rrt_star,5.15,0.8312,0.5-1.0,3d_optitrack_xzy_cylinder,jetson_orin_nano,Emulated Jetson Orin Nano-class companion computer,3.3162,10.0,100.0,20.0,0.497,3.745,0.291,5.582,15.0,1.5,2.0,144.327,0.1219,1.5,2.1728,0,0,safe,0,,4560,55,45,45
2,1,rrt_star,5.5125,0.8947,0.5-1.0,3d_optitrack_xzy_cylinder,jetson_orin_nano,Emulated Jetson Orin Nano-class companion computer,3.0588,10.0,100.0,20.0,0.484,3.727,0.286,5.572,15.0,1.5,2.0,144.299,0.1308,1.5,1.9585,0,0,safe,0,,4500,52,45,45
2,2,rrt_star,5.8625,0.9444,0.5-1.0,3d_optitrack_xzy_cylinder,jetson_orin_nano,Emulated Jetson Orin Nano-class companion computer,2.8071,10.0,100.0,20.0,0.473,3.71,0.285,5.57,15.0,1.5,2.0,144.281,0.137,1.5,1.7812,0,0,safe,0,,4500,49,45,45
2,3,rrt_star,6.225,0.9921,0.5-1.0,3d_optitrack_xzy_cylinder,jetson_orin_nano,Emulated Jetson Orin Nano-class companion computer,2.5534,10.0,100.0,20.0,0.425,3.637,0.292,5.583,15.0,1.5,2.0,144.221,0.1443,1.5,1.6545,0,0,safe,0,,4560,45,45,45
2,4,rrt_star,6.5875,1.0302,1.0-1.5,3d_optitrack_xzy_cylinder,jetson_orin_nano,Emulated Jetson Orin Nano-class companion computer,2.3059,10.0,100.0,20.0,0.454,3.68,0.284,5.568,15.0,1.5,2.0,144.249,0.1489,1.5,1.6129,0,0,safe,0,,4680,43,45,45
2,5,rrt_star,6.95,1.0522,1.0-1.5,3d_optitrack_xzy_cylinder,jetson_orin_nano,Emulated Jetson Orin Nano-class companion computer,2.0768,10.0,100.0,20.0,0.386,3.58,0.283,5.566,15.0,1.5,2.0,144.146,0.1501,1.5,1.6179,0,0,safe,0,,4590,43,45,45
2,6,rrt_star,7.3,1.0719,1.0-1.5,3d_optitrack_xzy_cylinder,jetson_orin_nano,Emulated Jetson Orin Nano-class companion computer,1.8807,10.0,100.0,20.0,0.393,3.589,0.284,5.569,15.0,1.5,2.0,144.158,0.1549,1.5,1.6228,0,0,safe,0,,4590,44,44,45
2,7,rrt_star,7.6625,1.0885,1.0-1.5,3d_optitrack_xzy_cylinder,jetson_orin_nano,Emulated Jetson Orin Nano-class companion computer,1.7184,10.0,100.0,20.0,0.398,3.598,0.284,5.568,15.0,1.5,2.0,144.165,0.1576,1.5,1.6212,0,0,safe,0,,4680,44,44,45
2,0,mppi,5.15,0.8312,0.5-1.0,3d_optitrack_xzy_cylinder,jetson_orin_nano,Emulated Jetson Orin Nano-class companion computer,3.3162,10.0,100.0,20.0,0.556,3.834,15.868,36.735,15.0,1.5,2.0,175.57,0.1493,1.5,2.1586,0,0,safe,0,,4500,55,45,45
2,1,mppi,5.5125,0.8947,0.5-1.0,3d_optitrack_xzy_cylinder,jetson_orin_nano,Emulated Jetson Orin Nano-class companion computer,3.0588,10.0,100.0,20.0,0.857,4.286,14.624,34.248,15.0,1.5,2.0,173.533,0.1579,1.5,1.9402,0,0,safe,0,,4500,52,45,45
2,2,mppi,5.8625,0.9444,0.5-1.0,3d_optitrack_xzy_cylinder,jetson_orin_nano,Emulated Jetson Orin Nano-class companion computer,2.8071,10.0,100.0,20.0,0.61,3.916,14.724,34.448,15.0,1.5,2.0,173.363,0.1652,1.5,1.7687,0,0,safe,0,,4500,49,45,45
2,3,mppi,6.225,0.9921,0.5-1.0,3d_optitrack_xzy_cylinder,jetson_orin_nano,Emulated Jetson Orin Nano-class companion computer,2.5534,10.0,100.0,20.0,2.214,6.32,14.593,34.186,15.0,1.5,2.0,175.507,0.1761,1.5,1.6483,0,0,safe,0,,4560,45,45,45
2,4,mppi,6.5875,1.0302,1.0-1.5,3d_optitrack_xzy_cylinder,jetson_orin_nano,Emulated Jetson Orin Nano-class companion computer,2.3059,10.0,100.0,20.0,0.446,3.668,13.253,31.506,15.0,1.5,2.0,170.174,0.1738,1.5,1.613,0,0,safe,0,,4650,43,45,45
2,5,mppi,6.95,1.0522,1.0-1.5,3d_optitrack_xzy_cylinder,jetson_orin_nano,Emulated Jetson Orin Nano-class companion computer,2.0768,10.0,100.0,20.0,0.744,4.116,14.917,34.834,15.0,1.5,2.0,173.951,0.1847,1.5,1.6188,0,0,safe,0,,4530,44,45,45
2,6,mppi,7.3,1.0719,1.0-1.5,3d_optitrack_xzy_cylinder,jetson_orin_nano,Emulated Jetson Orin Nano-class companion computer,1.8807,10.0,100.0,20.0,0.549,3.823,14.813,34.626,15.0,1.5,2.0,173.449,0.1856,1.5,1.623,0,0,safe,0,,4410,44,44,45
2,7,mppi,7.6625,1.0885,1.0-1.5,3d_optitrack_xzy_cylinder,jetson_orin_nano,Emulated Jetson Orin Nano-class companion computer,1.7184,10.0,100.0,20.0,0.908,4.362,13.519,32.039,15.0,1.5,2.0,171.401,0.1878,1.5,1.6213,0,0,safe,0,,4650,44,44,45
3,0,rrt,3.95,0.9156,0.5-1.0,3d_optitrack_xzy_cylinder,jetson_orin_nano,Emulated Jetson Orin Nano-class companion computer,2.2881,10.0,100.0,20.0,0.395,3.593,0.307,5.613,15.0,1.5,2.0,144.206,0.1329,1.5,0.8561,0,0,safe,0,,4500,49,33,45
3,1,rrt,4.3,0.9461,0.5-1.0,3d_optitrack_xzy_cylinder,jetson_orin_nano,Emulated Jetson Orin Nano-class companion computer,1.9688,10.0,100.0,20.0,0.422,3.634,0.581,6.161,15.0,1.5,2.0,144.795,0.1376,1.5,0.61,0,0,safe,0,,4500,46,32,45
3,2,rrt,4.65,0.9602,0.5-1.0,3d_optitrack_xzy_cylinder,jetson_orin_nano,Emulated Jetson Orin Nano-class companion computer,1.6502,10.0,100.0,20.0,0.386,3.579,51.694,108.387,15.0,1.5,2.0,246.966,0.2372,1.5,0.4354,1,1,collision,1,RRT failed to find a path,4560,43,32,45
3,3,rrt,5.0125,0.9731,0.5-1.0,3d_optitrack_xzy_cylinder,jetson_orin_nano,Emulated Jetson Orin Nano-class companion computer,1.3332,10.0,100.0,20.0,0.399,3.599,0.847,6.694,15.0,1.5,2.0,145.292,0.1422,1.5,0.5188,0,0,safe,0,,4680,43,32,45
3,4,rrt,5.3625,0.988,0.5-1.0,3d_optitrack_xzy_cylinder,jetson_orin_nano,Emulated Jetson Orin Nano-class companion computer,1.044,10.0,100.0,20.0,0.274,3.411,0.362,5.723,15.0,1.5,2.0,144.134,0.1475,1.5,0.5192,0,0,safe,0,,4590,42,32,45
3,5,rrt,5.7125,0.9966,0.5-1.0,3d_optitrack_xzy_cylinder,jetson_orin_nano,Emulated Jetson Orin Nano-class companion computer,0.7699,10.0,100.0,20.0,0.274,3.411,0.356,5.712,15.0,1.5,2.0,144.122,0.1446,1.5,0.502,0,0,safe,0,,4620,42,32,45
3,6,rrt,6.075,0.9977,0.5-1.0,3d_optitrack_xzy_cylinder,jetson_orin_nano,Emulated Jetson Orin Nano-class companion computer,0.534,10.0,100.0,20.0,0.367,3.55,15.863,36.726,15.0,1.5,2.0,175.276,0.1744,1.5,0.4439,1,1,collision,1,RRT failed to find a path,4620,43,32,45
3,7,rrt,6.425,0.9895,0.5-1.0,3d_optitrack_xzy_cylinder,jetson_orin_nano,Emulated Jetson Orin Nano-class companion computer,0.4348,10.0,100.0,20.0,0.361,3.542,16.675,38.351,15.0,1.5,2.0,176.892,0.1781,1.5,0.4348,1,1,collision,1,RRT failed to find a path,4590,43,32,45
3,0,rrt_star,3.95,0.9156,0.5-1.0,3d_optitrack_xzy_cylinder,jetson_orin_nano,Emulated Jetson Orin Nano-class companion computer,2.2881,10.0,100.0,20.0,0.362,3.543,0.378,5.757,15.0,1.5,2.0,144.3,0.133,1.5,0.8563,0,0,safe,0,,4500,49,33,45
3,1,rrt_star,4.3,0.9461,0.5-1.0,3d_optitrack_xzy_cylinder,jetson_orin_nano,Emulated Jetson Orin Nano-class companion computer,1.9688,10.0,100.0,20.0,0.309,3.464,0.522,6.044,15.0,1.5,2.0,144.508,0.1373,1.5,0.61,0,0,safe,0,,4500,46,32,45
3,2,rrt_star,4.65,0.9602,0.5-1.0,3d_optitrack_xzy_cylinder,jetson_orin_nano,Emulated Jetson Orin Nano-class companion computer,1.6502,10.0,100.0,20.0,0.41,3.614,80.813,166.627,15.0,1.5,2.0,305.241,0.2917,1.5,0.4355,1,1,collision,1,RRT* failed to find a path,4650,43,32,45
3,3,rrt_star,5.0125,0.9731,0.5-1.0,3d_optitrack_xzy_cylinder,jetson_orin_nano,Emulated Jetson Orin Nano-class companion computer,1.3332,10.0,100.0,20.0,0.378,3.567,124.318,253.637,15.0,1.5,2.0,392.204,0.3848,1.5,0.5195,0,0,safe,0,,4530,43,32,45
3,4,rrt_star,5.3625,0.988,0.5-1.0,3d_optitrack_xzy_cylinder,jetson_orin_nano,Emulated Jetson Orin Nano-class companion computer,1.044,10.0,100.0,20.0,0.394,3.591,125.69,256.38,15.0,1.5,2.0,394.971,0.3965,1.5,0.5096,0,0,safe,0,,4680,44,32,45
3,5,rrt_star,5.7125,0.9966,0.5-1.0,3d_optitrack_xzy_cylinder,jetson_orin_nano,Emulated Jetson Orin Nano-class companion computer,0.7699,10.0,100.0,20.0,0.389,3.583,124.445,253.891,15.0,1.5,2.0,392.474,0.3936,1.5,0.501,0,0,safe,0,,4620,45,32,45
3,6,rrt_star,6.075,0.9977,0.5-1.0,3d_optitrack_xzy_cylinder,jetson_orin_nano,Emulated Jetson Orin Nano-class companion computer,0.534,10.0,100.0,20.0,0.445,3.667,12.171,29.342,15.0,1.5,2.0,168.009,0.1671,1.5,0.4448,1,1,collision,1,RRT* failed to find a path,4620,43,32,45
3,7,rrt_star,6.425,0.9895,0.5-1.0,3d_optitrack_xzy_cylinder,jetson_orin_nano,Emulated Jetson Orin Nano-class companion computer,0.4348,10.0,100.0,20.0,0.354,3.531,12.384,29.768,15.0,1.5,2.0,168.3,0.1694,1.5,0.4348,1,1,collision,1,RRT* failed to find a path,4680,43,32,45
3,0,mppi,3.95,0.9156,0.5-1.0,3d_optitrack_xzy_cylinder,jetson_orin_nano,Emulated Jetson Orin Nano-class companion computer,2.2881,10.0,100.0,20.0,0.309,3.463,11.307,27.614,15.0,1.5,2.0,166.078,0.1479,1.5,0.8384,0,0,safe,0,,4500,49,33,45
3,1,mppi,4.3,0.9461,0.5-1.0,3d_optitrack_xzy_cylinder,jetson_orin_nano,Emulated Jetson Orin Nano-class companion computer,1.9688,10.0,100.0,20.0,0.264,3.396,11.27,27.54,15.0,1.5,2.0,165.935,0.1576,1.5,0.5984,0,0,safe,0,,4500,46,32,45
3,2,mppi,4.65,0.9602,0.5-1.0,3d_optitrack_xzy_cylinder,jetson_orin_nano,Emulated Jetson Orin Nano-class companion computer,1.6502,10.0,100.0,20.0,0.245,3.367,11.416,27.831,15.0,1.5,2.0,166.198,0.1592,1.5,0.4447,0,1,violation,0,,4560,43,32,45
3,3,mppi,5.0125,0.9731,0.5-1.0,3d_optitrack_xzy_cylinder,jetson_orin_nano,Emulated Jetson Orin Nano-class companion computer,1.3332,10.0,100.0,20.0,0.221,3.331,11.857,28.714,15.0,1.5,2.0,167.045,0.1598,1.5,0.4963,0,1,violation,0,,4620,42,32,45
3,4,mppi,5.3625,0.988,0.5-1.0,3d_optitrack_xzy_cylinder,jetson_orin_nano,Emulated Jetson Orin Nano-class companion computer,1.044,10.0,100.0,20.0,0.218,3.328,11.574,28.148,15.0,1.5,2.0,166.475,0.1697,1.5,0.664,0,0,safe,0,,4620,42,32,45
3,5,mppi,5.7125,0.9966,0.5-1.0,3d_optitrack_xzy_cylinder,jetson_orin_nano,Emulated Jetson Orin Nano-class companion computer,0.7699,10.0,100.0,20.0,0.221,3.332,11.589,28.177,15.0,1.5,2.0,166.509,0.168,1.5,0.6382,0,0,safe,0,,4590,42,32,45
3,6,mppi,6.075,0.9977,0.5-1.0,3d_optitrack_xzy_cylinder,jetson_orin_nano,Emulated Jetson Orin Nano-class companion computer,0.534,10.0,100.0,20.0,0.241,3.361,11.807,28.615,15.0,1.5,2.0,166.976,0.166,1.5,0.463,0,1,violation,0,,4650,43,32,45
3,7,mppi,6.425,0.9895,0.5-1.0,3d_optitrack_xzy_cylinder,jetson_orin_nano,Emulated Jetson Orin Nano-class companion computer,0.4348,10.0,100.0,20.0,0.249,3.373,11.405,27.809,15.0,1.5,2.0,166.182,0.1673,1.5,0.4348,0,1,violation,0,,4650,43,32,45
4,0,rrt,8.525,0.6085,0.5-1.0,3d_optitrack_xzy_cylinder,jetson_orin_nano,Emulated Jetson Orin Nano-class companion computer,0.8489,10.0,100.0,20.0,0.301,3.451,0.294,5.587,15.0,1.5,2.0,144.039,0.0783,1.5,0.5051,0,0,safe,0,,4380,36,33,45
4,1,rrt,8.8875,0.5688,0.5-1.0,3d_optitrack_xzy_cylinder,jetson_orin_nano,Emulated Jetson Orin Nano-class companion computer,0.7241,10.0,100.0,20.0,0.313,3.47,0.416,5.832,15.0,1.5,2.0,144.301,0.0814,1.5,0.5052,0,0,safe,0,,4650,35,33,45
4,2,rrt,9.25,0.5376,0.5-1.0,3d_optitrack_xzy_cylinder,jetson_orin_nano,Emulated Jetson Orin Nano-class companion computer,0.6695,10.0,100.0,20.0,0.273,3.409,0.374,5.748,15.0,1.5,2.0,144.157,0.0788,1.5,0.5721,0,0,safe,0,,4680,38,33,45
4,3,rrt,9.6125,0.6163,0.5-1.0,3d_optitrack_xzy_cylinder,jetson_orin_nano,Emulated Jetson Orin Nano-class companion computer,0.6257,10.0,100.0,20.0,0.265,3.397,0.413,5.825,15.0,1.5,2.0,144.222,0.0883,1.5,0.5771,0,0,safe,0,,4650,41,32,45
4,4,rrt,9.9625,0.7273,0.5-1.0,3d_optitrack_xzy_cylinder,jetson_orin_nano,Emulated Jetson Orin Nano-class companion computer,0.5663,10.0,100.0,20.0,0.276,3.413,0.427,5.853,15.0,1.5,2.0,144.266,0.1202,1.5,0.538,0,0,safe,0,,4530,44,32,45
4,5,rrt,10.325,0.8993,0.5-1.0,3d_optitrack_xzy_cylinder,jetson_orin_nano,Emulated Jetson Orin Nano-class companion computer,0.5201,10.0,100.0,20.0,0.341,3.511,0.293,5.586,15.0,1.5,2.0,144.097,0.1349,1.5,0.5201,0,0,safe,0,,4620,46,33,45
4,6,rrt,10.6875,1.0654,1.0-1.5,3d_optitrack_xzy_cylinder,jetson_orin_nano,Emulated Jetson Orin Nano-class companion computer,0.587,10.0,100.0,20.0,0.366,3.548,0.284,5.569,15.0,1.5,2.0,144.117,0.162,1.5,0.587,0,0,safe,0,,4650,51,33,45
4,7,rrt,11.0375,1.2507,1.0-1.5,3d_optitrack_xzy_cylinder,jetson_orin_nano,Emulated Jetson Orin Nano-class companion computer,0.7916,10.0,100.0,20.0,0.359,3.538,0.291,5.583,15.0,1.5,2.0,144.121,0.1841,1.5,0.7916,0,0,safe,0,,4410,53,32,45
4,0,rrt_star,8.525,0.6085,0.5-1.0,3d_optitrack_xzy_cylinder,jetson_orin_nano,Emulated Jetson Orin Nano-class companion computer,0.8489,10.0,100.0,20.0,0.25,3.375,0.282,5.565,15.0,1.5,2.0,143.94,0.0783,1.5,0.5052,0,0,safe,0,,4380,36,33,45
4,1,rrt_star,8.8875,0.5688,0.5-1.0,3d_optitrack_xzy_cylinder,jetson_orin_nano,Emulated Jetson Orin Nano-class companion computer,0.7241,10.0,100.0,20.0,0.283,3.425,120.435,245.869,15.0,1.5,2.0,384.294,0.2125,1.5,0.5067,0,0,safe,0,,4590,38,33,45
4,2,rrt_star,9.25,0.5376,0.5-1.0,3d_optitrack_xzy_cylinder,jetson_orin_nano,Emulated Jetson Orin Nano-class companion computer,0.6695,10.0,100.0,20.0,0.335,3.503,115.735,236.47,15.0,1.5,2.0,374.973,0.2075,1.5,0.5004,0,0,safe,0,,4620,41,32,45
4,3,rrt_star,9.6125,0.6163,0.5-1.0,3d_optitrack_xzy_cylinder,jetson_orin_nano,Emulated Jetson Orin Nano-class companion computer,0.6257,10.0,100.0,20.0,0.375,3.562,127.819,260.639,15.0,1.5,2.0,399.201,0.2598,1.5,0.5006,0,0,safe,0,,4650,44,32,45
4,4,rrt_star,9.9625,0.7273,0.5-1.0,3d_optitrack_xzy_cylinder,jetson_orin_nano,Emulated Jetson Orin Nano-class companion computer,0.5663,10.0,100.0,20.0,0.356,3.534,0.292,5.584,15.0,1.5,2.0,144.118,0.1201,1.5,0.5189,0,0,safe,0,,4680,48,33,45
4,5,rrt_star,10.325,0.8993,0.5-1.0,3d_optitrack_xzy_cylinder,jetson_orin_nano,Emulated Jetson Orin Nano-class companion computer,0.5201,10.0,100.0,20.0,0.308,3.462,0.286,5.572,15.0,1.5,2.0,144.034,0.1348,1.5,0.5201,0,0,safe,0,,4620,46,33,45
4,6,rrt_star,10.6875,1.0654,1.0-1.5,3d_optitrack_xzy_cylinder,jetson_orin_nano,Emulated Jetson Orin Nano-class companion computer,0.587,10.0,100.0,20.0,0.352,3.527,0.286,5.572,15.0,1.5,2.0,144.099,0.1619,1.5,0.587,0,0,safe,0,,4650,51,33,45
4,7,rrt_star,11.0375,1.2507,1.0-1.5,3d_optitrack_xzy_cylinder,jetson_orin_nano,Emulated Jetson Orin Nano-class companion computer,0.7916,10.0,100.0,20.0,0.367,3.55,0.282,5.564,15.0,1.5,2.0,144.114,0.1841,1.5,0.7916,0,0,safe,0,,4410,53,32,45
4,0,mppi,8.525,0.6085,0.5-1.0,3d_optitrack_xzy_cylinder,jetson_orin_nano,Emulated Jetson Orin Nano-class companion computer,0.8489,10.0,100.0,20.0,0.216,3.324,11.3,27.599,15.0,1.5,2.0,165.923,0.0988,1.5,0.5005,0,0,safe,0,,4380,36,33,45
4,1,mppi,8.8875,0.5688,0.5-1.0,3d_optitrack_xzy_cylinder,jetson_orin_nano,Emulated Jetson Orin Nano-class companion computer,0.7241,10.0,100.0,20.0,0.212,3.317,11.575,28.15,15.0,1.5,2.0,166.468,0.0906,1.5,0.5465,0,0,safe,0,,4620,36,33,45
4,2,mppi,9.25,0.5376,0.5-1.0,3d_optitrack_xzy_cylinder,jetson_orin_nano,Emulated Jetson Orin Nano-class companion computer,0.6695,10.0,100.0,20.0,0.224,3.335,11.565,28.13,15.0,1.5,2.0,166.465,0.0812,1.5,0.6288,0,0,safe,0,,4650,38,33,45
4,3,mppi,9.6125,0.6163,0.5-1.0,3d_optitrack_xzy_cylinder,jetson_orin_nano,Emulated Jetson Orin Nano-class companion computer,0.6257,10.0,100.0,20.0,0.213,3.319,11.656,28.311,15.0,1.5,2.0,166.63,0.103,1.5,0.5971,0,0,safe,0,,4680,41,32,45
4,4,mppi,9.9625,0.7273,0.5-1.0,3d_optitrack_xzy_cylinder,jetson_orin_nano,Emulated Jetson Orin Nano-class companion computer,0.5663,10.0,100.0,20.0,0.261,3.392,11.566,28.132,15.0,1.5,2.0,166.524,0.1387,1.5,0.5346,0,0,safe,0,,4470,44,33,45
4,5,mppi,10.325,0.8993,0.5-1.0,3d_optitrack_xzy_cylinder,jetson_orin_nano,Emulated Jetson Orin Nano-class companion computer,0.5201,10.0,100.0,20.0,0.272,3.407,11.253,27.505,15.0,1.5,2.0,165.913,0.1554,1.5,0.5201,0,0,safe,0,,4620,46,33,45
4,6,mppi,10.6875,1.0654,1.0-1.5,3d_optitrack_xzy_cylinder,jetson_orin_nano,Emulated Jetson Orin Nano-class companion computer,0.587,10.0,100.0,20.0,0.309,3.464,11.338,27.675,15.0,1.5,2.0,166.139,0.1877,1.5,0.587,0,0,safe,0,,4680,51,33,45
4,7,mppi,11.0375,1.2507,1.0-1.5,3d_optitrack_xzy_cylinder,jetson_orin_nano,Emulated Jetson Orin Nano-class companion computer,0.7916,10.0,100.0,20.0,0.361,3.542,11.309,27.618,15.0,1.5,2.0,166.159,0.213,1.5,0.7916,0,0,safe,0,,4530,54,32,45
5,0,rrt,7.325,0.8119,0.5-1.0,3d_optitrack_xzy_cylinder,jetson_orin_nano,Emulated Jetson Orin Nano-class companion computer,1.0169,10.0,100.0,20.0,0.277,3.415,45.498,95.996,15.0,1.5,2.0,234.411,0.1909,1.5,0.3827,1,1,collision,1,RRT failed to find a path,4620,37,31,45
5,1,rrt,7.675,0.7136,0.5-1.0,3d_optitrack_xzy_cylinder,jetson_orin_nano,Emulated Jetson Orin Nano-class companion computer,0.813,10.0,100.0,20.0,0.355,3.532,0.606,6.212,15.0,1.5,2.0,144.744,0.0943,1.5,0.5058,0,0,safe,0,,4500,39,32,45
5,2,rrt,8.0375,0.3937,<0.5,3d_optitrack_xzy_cylinder,jetson_orin_nano,Emulated Jetson Orin Nano-class companion computer,0.689,10.0,100.0,20.0,0.27,3.405,0.4,5.799,15.0,1.5,2.0,144.204,0.0531,1.5,0.5139,0,0,safe,0,,4620,40,32,45
5,3,rrt,8.4,0.5402,0.5-1.0,3d_optitrack_xzy_cylinder,jetson_orin_nano,Emulated Jetson Orin Nano-class companion computer,0.614,10.0,100.0,20.0,0.285,3.427,0.437,5.873,15.0,1.5,2.0,144.3,0.0849,1.5,0.5658,0,0,safe,0,,4500,44,32,45
5,4,rrt,8.75,0.8709,0.5-1.0,3d_optitrack_xzy_cylinder,jetson_orin_nano,Emulated Jetson Orin Nano-class companion computer,0.4794,10.0,100.0,20.0,0.262,3.393,14.56,34.121,15.0,1.5,2.0,172.513,0.1662,1.5,0.4047,1,1,collision,1,RRT failed to find a path,4500,43,32,45
5,5,rrt,9.1,1.1567,1.0-1.5,3d_optitrack_xzy_cylinder,jetson_orin_nano,Emulated Jetson Orin Nano-class companion computer,0.3859,10.0,100.0,20.0,0.268,3.402,15.773,36.546,15.0,1.5,2.0,174.948,0.2126,1.5,0.3859,1,1,collision,1,RRT failed to find a path,4560,41,32,45
5,6,rrt,9.4625,1.3576,1.0-1.5,3d_optitrack_xzy_cylinder,jetson_orin_nano,Emulated Jetson Orin Nano-class companion computer,0.5603,10.0,100.0,20.0,0.274,3.411,0.285,5.57,15.0,1.5,2.0,143.981,0.1988,1.5,0.5603,0,0,safe,0,,4500,41,33,45
5,7,rrt,9.8125,1.3291,1.0-1.5,3d_optitrack_xzy_cylinder,jetson_orin_nano,Emulated Jetson Orin Nano-class companion computer,0.9573,10.0,100.0,20.0,0.277,3.415,0.284,5.569,15.0,1.5,2.0,143.984,0.18,1.5,0.9573,0,0,safe,0,,4500,41,33,45
5,0,rrt_star,7.325,0.8119,0.5-1.0,3d_optitrack_xzy_cylinder,jetson_orin_nano,Emulated Jetson Orin Nano-class companion computer,1.0169,10.0,100.0,20.0,0.361,3.541,76.774,158.548,15.0,1.5,2.0,297.089,0.2407,1.5,0.3739,1,1,collision,1,RRT* failed to find a path,4560,38,31,45
5,1,rrt_star,7.675,0.7136,0.5-1.0,3d_optitrack_xzy_cylinder,jetson_orin_nano,Emulated Jetson Orin Nano-class companion computer,0.813,10.0,100.0,20.0,0.585,3.878,123.692,252.384,15.0,1.5,2.0,391.262,0.2044,1.5,0.5076,0,0,safe,0,,4500,40,32,45
5,2,rrt_star,8.0375,0.3937,<0.5,3d_optitrack_xzy_cylinder,jetson_orin_nano,Emulated Jetson Orin Nano-class companion computer,0.689,10.0,100.0,20.0,0.382,3.573,120.068,245.136,15.0,1.5,2.0,383.709,0.1534,1.5,0.5012,0,0,safe,0,,4560,44,32,45
5,3,rrt_star,8.4,0.5402,0.5-1.0,3d_optitrack_xzy_cylinder,jetson_orin_nano,Emulated Jetson Orin Nano-class companion computer,0.614,10.0,100.0,20.0,0.334,3.502,11.24,27.479,15.0,1.5,2.0,165.981,0.1,1.5,0.4152,1,1,collision,1,RRT* failed to find a path,4500,45,32,45
5,4,rrt_star,8.75,0.8709,0.5-1.0,3d_optitrack_xzy_cylinder,jetson_orin_nano,Emulated Jetson Orin Nano-class companion computer,0.4794,10.0,100.0,20.0,0.29,3.435,11.186,27.372,15.0,1.5,2.0,165.807,0.1577,1.5,0.4056,1,1,collision,1,RRT* failed to find a path,4500,43,32,45
5,5,rrt_star,9.1,1.1567,1.0-1.5,3d_optitrack_xzy_cylinder,jetson_orin_nano,Emulated Jetson Orin Nano-class companion computer,0.3859,10.0,100.0,20.0,0.272,3.408,12.142,29.284,15.0,1.5,2.0,167.692,0.2037,1.5,0.3859,1,1,collision,1,RRT* failed to find a path,4560,41,32,45
5,6,rrt_star,9.4625,1.3576,1.0-1.5,3d_optitrack_xzy_cylinder,jetson_orin_nano,Emulated Jetson Orin Nano-class companion computer,0.5603,10.0,100.0,20.0,0.27,3.405,0.286,5.573,15.0,1.5,2.0,143.977,0.1988,1.5,0.5603,0,0,safe,0,,4500,41,33,45
5,7,rrt_star,9.8125,1.3291,1.0-1.5,3d_optitrack_xzy_cylinder,jetson_orin_nano,Emulated Jetson Orin Nano-class companion computer,0.9573,10.0,100.0,20.0,0.273,3.409,0.286,5.572,15.0,1.5,2.0,143.981,0.18,1.5,0.9573,0,0,safe,0,,4500,41,33,45
5,0,mppi,7.325,0.8119,0.5-1.0,3d_optitrack_xzy_cylinder,jetson_orin_nano,Emulated Jetson Orin Nano-class companion computer,1.0169,10.0,100.0,20.0,0.205,3.308,11.426,27.852,15.0,1.5,2.0,166.16,0.1368,1.5,0.3965,0,1,violation,0,,4410,37,31,45
5,1,mppi,7.675,0.7136,0.5-1.0,3d_optitrack_xzy_cylinder,jetson_orin_nano,Emulated Jetson Orin Nano-class companion computer,0.813,10.0,100.0,20.0,0.212,3.318,11.874,28.748,15.0,1.5,2.0,167.066,0.1067,1.5,0.4678,0,1,violation,0,,4380,38,31,45
5,2,mppi,8.0375,0.3937,<0.5,3d_optitrack_xzy_cylinder,jetson_orin_nano,Emulated Jetson Orin Nano-class companion computer,0.689,10.0,100.0,20.0,0.219,3.329,11.597,28.195,15.0,1.5,2.0,166.523,0.0613,1.5,0.6201,0,0,safe,0,,4560,41,32,45
5,3,mppi,8.4,0.5402,0.5-1.0,3d_optitrack_xzy_cylinder,jetson_orin_nano,Emulated Jetson Orin Nano-class companion computer,0.614,10.0,100.0,20.0,0.247,3.37,11.638,28.275,15.0,1.5,2.0,166.645,0.1005,1.5,0.5562,0,0,safe,0,,4620,44,32,45
5,4,mppi,8.75,0.8709,0.5-1.0,3d_optitrack_xzy_cylinder,jetson_orin_nano,Emulated Jetson Orin Nano-class companion computer,0.4794,10.0,100.0,20.0,0.24,3.36,11.862,28.724,15.0,1.5,2.0,167.084,0.1594,1.5,0.4148,0,1,violation,0,,4500,43,32,45
5,5,mppi,9.1,1.1567,1.0-1.5,3d_optitrack_xzy_cylinder,jetson_orin_nano,Emulated Jetson Orin Nano-class companion computer,0.3859,10.0,100.0,20.0,0.216,3.325,11.456,27.913,15.0,1.5,2.0,166.237,0.2019,1.5,0.3859,0,1,violation,0,,4560,41,32,45
5,6,mppi,9.4625,1.3576,1.0-1.5,3d_optitrack_xzy_cylinder,jetson_orin_nano,Emulated Jetson Orin Nano-class companion computer,0.5603,10.0,100.0,20.0,0.229,3.343,11.319,27.639,15.0,1.5,2.0,165.982,0.2075,1.5,0.5603,0,0,safe,0,,4500,41,33,45
5,7,mppi,9.8125,1.3291,1.0-1.5,3d_optitrack_xzy_cylinder,jetson_orin_nano,Emulated Jetson Orin Nano-class companion computer,0.9573,10.0,100.0,20.0,0.232,3.348,11.332,27.663,15.0,1.5,2.0,166.012,0.2044,1.5,0.9573,0,0,safe,0,,4500,41,33,45
6,0,rrt,6.5875,0.7768,0.5-1.0,3d_optitrack_xzy_cylinder,jetson_orin_nano,Emulated Jetson Orin Nano-class companion computer,1.7446,10.0,100.0,20.0,0.296,3.445,47.915,100.829,15.0,1.5,2.0,239.274,0.1953,1.5,0.3634,1,1,collision,1,RRT failed to find a path,4410,44,32,45
6,1,rrt,6.95,0.886,0.5-1.0,3d_optitrack_xzy_cylinder,jetson_orin_nano,Emulated Jetson Orin Nano-class companion computer,1.4742,10.0,100.0,20.0,0.428,3.642,47.426,99.852,15.0,1.5,2.0,238.494,0.218,1.5,0.3672,1,1,collision,1,RRT failed to find a path,4620,45,32,45
6,2,rrt,7.3,0.9714,0.5-1.0,3d_optitrack_xzy_cylinder,jetson_orin_nano,Emulated Jetson Orin Nano-class companion computer,1.2007,10.0,100.0,20.0,0.305,3.457,0.626,6.252,15.0,1.5,2.0,144.709,0.1638,1.5,0.5548,0,0,safe,0,,4620,45,32,45
6,3,rrt,7.6625,0.9658,0.5-1.0,3d_optitrack_xzy_cylinder,jetson_orin_nano,Emulated Jetson Orin Nano-class companion computer,0.8672,10.0,100.0,20.0,0.282,3.423,0.521,6.041,15.0,1.5,2.0,144.464,0.1387,1.5,0.6136,0,0,safe,0,,4500,45,32,45
6,4,rrt,8.025,1.2298,1.0-1.5,3d_optitrack_xzy_cylinder,jetson_orin_nano,Emulated Jetson Orin Nano-class companion computer,0.535,10.0,100.0,20.0,0.32,3.48,14.15,33.301,15.0,1.5,2.0,171.781,0.22,1.5,0.394,1,1,collision,1,RRT failed to find a path,4620,43,33,45
6,5,rrt,8.3875,1.3299,1.0-1.5,3d_optitrack_xzy_cylinder,jetson_orin_nano,Emulated Jetson Orin Nano-class companion computer,0.3578,10.0,100.0,20.0,0.275,3.412,15.45,35.899,15.0,1.5,2.0,174.312,0.2306,1.5,0.3578,1,1,collision,1,RRT failed to find a path,4380,40,34,45
6,6,rrt,8.7375,1.2545,1.0-1.5,3d_optitrack_xzy_cylinder,jetson_orin_nano,Emulated Jetson Orin Nano-class companion computer,0.534,10.0,100.0,20.0,0.277,3.416,0.288,5.575,15.0,1.5,2.0,143.991,0.1761,1.5,0.534,0,0,safe,0,,4560,39,35,45
6,7,rrt,9.1,1.0463,1.0-1.5,3d_optitrack_xzy_cylinder,jetson_orin_nano,Emulated Jetson Orin Nano-class companion computer,0.8789,10.0,100.0,20.0,0.269,3.404,0.286,5.572,15.0,1.5,2.0,143.975,0.1434,1.5,0.8789,0,0,safe,0,,4500,39,35,45
6,0,rrt_star,6.5875,0.7768,0.5-1.0,3d_optitrack_xzy_cylinder,jetson_orin_nano,Emulated Jetson Orin Nano-class companion computer,1.7446,10.0,100.0,20.0,0.329,3.494,72.106,149.213,15.0,1.5,2.0,287.707,0.2368,1.5,0.3592,1,1,collision,1,RRT* failed to find a path,4560,44,32,45
6,1,rrt_star,6.95,0.886,0.5-1.0,3d_optitrack_xzy_cylinder,jetson_orin_nano,Emulated Jetson Orin Nano-class companion computer,1.4742,10.0,100.0,20.0,0.343,3.515,107.164,219.327,15.0,1.5,2.0,357.842,0.3092,1.5,0.5088,0,0,safe,0,,4500,46,32,45
6,2,rrt_star,7.3,0.9714,0.5-1.0,3d_optitrack_xzy_cylinder,jetson_orin_nano,Emulated Jetson Orin Nano-class companion computer,1.2007,10.0,100.0,20.0,0.428,3.642,124.046,253.092,15.0,1.5,2.0,391.734,0.4048,1.5,0.5738,0,0,safe,0,,4500,48,32,45
6,3,rrt_star,7.6625,0.9658,0.5-1.0,3d_optitrack_xzy_cylinder,jetson_orin_nano,Emulated Jetson Orin Nano-class companion computer,0.8672,10.0,100.0,20.0,0.459,3.688,120.356,245.713,15.0,1.5,2.0,384.401,0.4643,1.5,0.5163,0,0,safe,0,,4500,47,32,45
6,4,rrt_star,8.025,1.2298,1.0-1.5,3d_optitrack_xzy_cylinder,jetson_orin_nano,Emulated Jetson Orin Nano-class companion computer,0.535,10.0,100.0,20.0,0.341,3.512,11.954,28.908,15.0,1.5,2.0,167.42,0.2147,1.5,0.3952,1,1,collision,1,RRT* failed to find a path,4620,43,33,45
6,5,rrt_star,8.3875,1.3299,1.0-1.5,3d_optitrack_xzy_cylinder,jetson_orin_nano,Emulated Jetson Orin Nano-class companion computer,0.3578,10.0,100.0,20.0,0.37,3.554,12.283,29.565,15.0,1.5,2.0,168.12,0.2226,1.5,0.3578,1,1,collision,1,RRT* failed to find a path,4380,40,34,45
6,6,rrt_star,8.7375,1.2545,1.0-1.5,3d_optitrack_xzy_cylinder,jetson_orin_nano,Emulated Jetson Orin Nano-class companion computer,0.534,10.0,100.0,20.0,0.299,3.448,0.29,5.579,15.0,1.5,2.0,144.027,0.1761,1.5,0.534,0,0,safe,0,,4560,39,35,45
6,7,rrt_star,9.1,1.0463,1.0-1.5,3d_optitrack_xzy_cylinder,jetson_orin_nano,Emulated Jetson Orin Nano-class companion computer,0.8789,10.0,100.0,20.0,0.336,3.505,0.284,5.569,15.0,1.5,2.0,144.074,0.1435,1.5,0.8789,0,0,safe,0,,4500,39,35,45
6,0,mppi,6.5875,0.7768,0.5-1.0,3d_optitrack_xzy_cylinder,jetson_orin_nano,Emulated Jetson Orin Nano-class companion computer,1.7446,10.0,100.0,20.0,0.285,3.427,13.115,31.23,15.0,1.5,2.0,169.657,0.1345,1.5,0.3863,0,1,violation,0,,4410,44,32,45
6,1,mppi,6.95,0.886,0.5-1.0,3d_optitrack_xzy_cylinder,jetson_orin_nano,Emulated Jetson Orin Nano-class companion computer,1.4742,10.0,100.0,20.0,0.309,3.463,12.983,30.967,15.0,1.5,2.0,169.43,0.1332,1.5,0.4427,0,1,violation,0,,4620,44,32,45
6,2,mppi,7.3,0.9714,0.5-1.0,3d_optitrack_xzy_cylinder,jetson_orin_nano,Emulated Jetson Orin Nano-class companion computer,1.2007,10.0,100.0,20.0,0.302,3.453,28.676,62.352,15.0,1.5,2.0,200.805,0.2159,1.5,0.6554,0,0,safe,0,,4500,46,32,45
6,3,mppi,7.6625,0.9658,0.5-1.0,3d_optitrack_xzy_cylinder,jetson_orin_nano,Emulated Jetson Orin Nano-class companion computer,0.8672,10.0,100.0,20.0,0.344,3.515,13.379,31.758,15.0,1.5,2.0,170.273,0.1625,1.5,0.6602,0,0,safe,0,,4560,45,32,45
6,4,mppi,8.025,1.2298,1.0-1.5,3d_optitrack_xzy_cylinder,jetson_orin_nano,Emulated Jetson Orin Nano-class companion computer,0.535,10.0,100.0,20.0,0.335,3.502,13.215,31.43,15.0,1.5,2.0,169.932,0.2177,1.5,0.4162,0,1,violation,0,,4620,43,33,45
6,5,mppi,8.3875,1.3299,1.0-1.5,3d_optitrack_xzy_cylinder,jetson_orin_nano,Emulated Jetson Orin Nano-class companion computer,0.3578,10.0,100.0,20.0,0.249,3.373,13.171,31.342,15.0,1.5,2.0,169.715,0.2247,1.5,0.3578,0,1,violation,0,,4380,40,34,45
6,6,mppi,8.7375,1.2545,1.0-1.5,3d_optitrack_xzy_cylinder,jetson_orin_nano,Emulated Jetson Orin Nano-class companion computer,0.534,10.0,100.0,20.0,0.292,3.438,11.212,27.424,15.0,1.5,2.0,165.862,0.2011,1.5,0.534,0,0,safe,0,,4620,39,35,45
6,7,mppi,9.1,1.0463,1.0-1.5,3d_optitrack_xzy_cylinder,jetson_orin_nano,Emulated Jetson Orin Nano-class companion computer,0.8789,10.0,100.0,20.0,0.233,3.35,11.131,27.263,15.0,1.5,2.0,165.613,0.1631,1.5,0.8789,0,0,safe,0,,4440,39,35,45
7,0,rrt,2.95,0.7746,0.5-1.0,3d_optitrack_xzy_cylinder,jetson_orin_nano,Emulated Jetson Orin Nano-class companion computer,3.4864,10.0,100.0,20.0,0.549,3.823,0.292,5.585,15.0,1.5,2.0,144.408,0.1181,1.5,1.7017,0,0,safe,0,,4410,60,39,45
7,1,rrt,3.3,0.936,0.5-1.0,3d_optitrack_xzy_cylinder,jetson_orin_nano,Emulated Jetson Orin Nano-class companion computer,3.2167,10.0,100.0,20.0,0.484,3.727,0.292,5.583,15.0,1.5,2.0,144.31,0.1403,1.5,1.3765,0,0,safe,0,,4410,57,39,45
7,2,rrt,3.65,1.2267,1.0-1.5,3d_optitrack_xzy_cylinder,jetson_orin_nano,Emulated Jetson Orin Nano-class companion computer,2.8798,10.0,100.0,20.0,0.454,3.681,0.295,5.591,15.0,1.5,2.0,144.272,0.1784,1.5,1.3765,0,0,safe,0,,4410,53,39,45
7,3,rrt,4.0125,1.4548,1.0-1.5,3d_optitrack_xzy_cylinder,jetson_orin_nano,Emulated Jetson Orin Nano-class companion computer,2.4503,10.0,100.0,20.0,0.393,3.589,0.289,5.579,15.0,1.5,2.0,144.168,0.2176,1.5,1.1032,0,0,safe,0,,4560,54,39,45
7,4,rrt,4.375,1.719,>=1.5,3d_optitrack_xzy_cylinder,jetson_orin_nano,Emulated Jetson Orin Nano-class companion computer,1.9667,10.0,100.0,20.0,0.437,3.655,0.29,5.579,15.0,1.5,2.0,144.235,0.2559,1.5,1.1014,0,0,safe,0,,4500,51,39,45
7,5,rrt,4.725,1.7518,>=1.5,3d_optitrack_xzy_cylinder,jetson_orin_nano,Emulated Jetson Orin Nano-class companion computer,1.4962,10.0,100.0,20.0,0.354,3.531,0.292,5.584,15.0,1.5,2.0,144.115,0.1986,1.5,1.1052,0,0,safe,0,,4380,45,39,45
7,6,rrt,5.0875,0.0,<0.5,3d_optitrack_xzy_cylinder,jetson_orin_nano,Emulated Jetson Orin Nano-class companion computer,1.3765,10.0,100.0,20.0,0.378,3.567,0.285,5.57,15.0,1.5,2.0,144.137,0.0,1.5,1.1193,0,0,safe,0,,4500,43,39,45
7,7,rrt,5.45,0.0,<0.5,3d_optitrack_xzy_cylinder,jetson_orin_nano,Emulated Jetson Orin Nano-class companion computer,1.3765,10.0,100.0,20.0,0.35,3.525,0.284,5.569,15.0,1.5,2.0,144.094,0.0,1.5,1.1354,0,0,safe,0,,4620,43,39,45
7,0,rrt_star,2.95,0.7746,0.5-1.0,3d_optitrack_xzy_cylinder,jetson_orin_nano,Emulated Jetson Orin Nano-class companion computer,3.4864,10.0,100.0,20.0,0.489,3.733,0.286,5.572,15.0,1.5,2.0,144.306,0.118,1.5,1.7043,0,0,safe,0,,4410,60,39,45
7,1,rrt_star,3.3,0.936,0.5-1.0,3d_optitrack_xzy_cylinder,jetson_orin_nano,Emulated Jetson Orin Nano-class companion computer,3.2167,10.0,100.0,20.0,0.475,3.712,0.284,5.568,15.0,1.5,2.0,144.279,0.1403,1.5,1.3765,0,0,safe,0,,4410,57,39,45
7,2,rrt_star,3.65,1.2267,1.0-1.5,3d_optitrack_xzy_cylinder,jetson_orin_nano,Emulated Jetson Orin Nano-class companion computer,2.8798,10.0,100.0,20.0,0.416,3.624,0.284,5.568,15.0,1.5,2.0,144.192,0.1783,1.5,1.3765,0,0,safe,0,,4410,53,39,45
7,3,rrt_star,4.0125,1.4548,1.0-1.5,3d_optitrack_xzy_cylinder,jetson_orin_nano,Emulated Jetson Orin Nano-class companion computer,2.4503,10.0,100.0,20.0,0.383,3.574,0.284,5.568,15.0,1.5,2.0,144.142,0.2176,1.5,1.1033,0,0,safe,0,,4560,54,39,45
7,4,rrt_star,4.375,1.719,>=1.5,3d_optitrack_xzy_cylinder,jetson_orin_nano,Emulated Jetson Orin Nano-class companion computer,1.9667,10.0,100.0,20.0,0.365,3.547,0.286,5.571,15.0,1.5,2.0,144.118,0.2557,1.5,1.1014,0,0,safe,0,,4500,51,39,45
7,5,rrt_star,4.725,1.7518,>=1.5,3d_optitrack_xzy_cylinder,jetson_orin_nano,Emulated Jetson Orin Nano-class companion computer,1.4962,10.0,100.0,20.0,0.325,3.487,0.29,5.58,15.0,1.5,2.0,144.067,0.1986,1.5,1.1052,0,0,safe,0,,4380,45,39,45
7,6,rrt_star,5.0875,0.0,<0.5,3d_optitrack_xzy_cylinder,jetson_orin_nano,Emulated Jetson Orin Nano-class companion computer,1.3765,10.0,100.0,20.0,0.347,3.521,0.285,5.57,15.0,1.5,2.0,144.09,0.0,1.5,1.1193,0,0,safe,0,,4500,43,39,45
7,7,rrt_star,5.45,0.0,<0.5,3d_optitrack_xzy_cylinder,jetson_orin_nano,Emulated Jetson Orin Nano-class companion computer,1.3765,10.0,100.0,20.0,0.352,3.528,0.284,5.567,15.0,1.5,2.0,144.095,0.0,1.5,1.1354,0,0,safe,0,,4620,43,39,45
7,0,mppi,2.95,0.7746,0.5-1.0,3d_optitrack_xzy_cylinder,jetson_orin_nano,Emulated Jetson Orin Nano-class companion computer,3.4864,10.0,100.0,20.0,0.45,3.674,11.162,27.323,15.0,1.5,2.0,165.997,0.1364,1.5,1.636,0,0,safe,0,,4410,60,39,45
7,1,mppi,3.3,0.936,0.5-1.0,3d_optitrack_xzy_cylinder,jetson_orin_nano,Emulated Jetson Orin Nano-class companion computer,3.2167,10.0,100.0,20.0,0.872,4.307,12.307,29.615,15.0,1.5,2.0,168.922,0.1679,1.5,1.3765,0,0,safe,0,,4410,57,39,45
7,2,mppi,3.65,1.2267,1.0-1.5,3d_optitrack_xzy_cylinder,jetson_orin_nano,Emulated Jetson Orin Nano-class companion computer,2.8798,10.0,100.0,20.0,0.4,3.6,11.21,27.42,15.0,1.5,2.0,166.02,0.2066,1.5,1.3765,0,0,safe,0,,4410,53,39,45
7,3,mppi,4.0125,1.4548,1.0-1.5,3d_optitrack_xzy_cylinder,jetson_orin_nano,Emulated Jetson Orin Nano-class companion computer,2.4503,10.0,100.0,20.0,0.391,3.586,11.252,27.505,15.0,1.5,2.0,166.091,0.2425,1.5,1.1036,0,0,safe,0,,4560,54,39,45
7,4,mppi,4.375,1.719,>=1.5,3d_optitrack_xzy_cylinder,jetson_orin_nano,Emulated Jetson Orin Nano-class companion computer,1.9667,10.0,100.0,20.0,0.359,3.538,13.727,32.454,15.0,1.5,2.0,170.992,0.2661,1.5,1.1022,0,0,safe,0,,4560,51,39,45
7,5,mppi,4.725,1.7518,>=1.5,3d_optitrack_xzy_cylinder,jetson_orin_nano,Emulated Jetson Orin Nano-class companion computer,1.4962,10.0,100.0,20.0,0.418,3.627,11.607,28.214,15.0,1.5,2.0,166.841,0.1986,1.5,1.1068,0,0,safe,0,,4380,45,39,45
7,6,mppi,5.0875,0.0,<0.5,3d_optitrack_xzy_cylinder,jetson_orin_nano,Emulated Jetson Orin Nano-class companion computer,1.3765,10.0,100.0,20.0,0.311,3.467,11.242,27.484,15.0,1.5,2.0,165.951,0.0,1.5,1.1203,0,0,safe,0,,4500,43,39,45
7,7,mppi,5.45,0.0,<0.5,3d_optitrack_xzy_cylinder,jetson_orin_nano,Emulated Jetson Orin Nano-class companion computer,1.3765,10.0,100.0,20.0,0.33,3.495,11.227,27.453,15.0,1.5,2.0,165.949,0.0,1.5,1.1363,0,0,safe,0,,4620,43,39,45
8,0,rrt,5.3375,0.0,<0.5,3d_optitrack_xzy_cylinder,jetson_orin_nano,Emulated Jetson Orin Nano-class companion computer,3.7258,10.0,100.0,20.0,0.602,3.902,0.295,5.59,15.0,1.5,2.0,144.493,0.0,1.5,1.8454,0,0,safe,0,,4410,44,60,46
8,1,rrt,6.0,1.7748,>=1.5,3d_optitrack_xzy_cylinder,jetson_orin_nano,Emulated Jetson Orin Nano-class companion computer,2.4816,10.0,100.0,20.0,0.508,3.762,0.288,5.575,15.0,1.5,2.0,144.337,0.2821,1.5,1.4812,0,0,safe,0,,4620,43,55,46
8,2,rrt,6.3625,1.8437,>=1.5,3d_optitrack_xzy_cylinder,jetson_orin_nano,Emulated Jetson Orin Nano-class companion computer,1.9782,10.0,100.0,20.0,0.412,3.618,0.291,5.582,15.0,1.5,2.0,144.2,0.2195,1.5,1.4791,0,0,safe,0,,4560,42,50,46
8,3,rrt,6.725,0.0,<0.5,3d_optitrack_xzy_cylinder,jetson_orin_nano,Emulated Jetson Orin Nano-class companion computer,1.8454,10.0,100.0,20.0,0.465,3.698,0.29,5.579,15.0,1.5,2.0,144.277,0.0,1.5,1.4679,0,0,safe,0,,4500,42,49,46
8,4,rrt,7.2875,6.7856,>=1.5,3d_optitrack_xzy_cylinder,jetson_orin_nano,Emulated Jetson Orin Nano-class companion computer,1.5156,10.0,100.0,20.0,0.319,3.478,0.291,5.583,15.0,1.5,2.0,144.061,0.2198,1.5,1.5156,0,0,safe,0,,4500,42,38,46
8,5,rrt,7.6375,1.1179,1.0-1.5,3d_optitrack_xzy_cylinder,jetson_orin_nano,Emulated Jetson Orin Nano-class companion computer,1.6702,10.0,100.0,20.0,0.35,3.525,0.293,5.587,15.0,1.5,2.0,144.112,0.1441,1.5,1.6702,0,0,safe,0,,4380,42,37,46
8,6,rrt,8.0,0.452,<0.5,3d_optitrack_xzy_cylinder,jetson_orin_nano,Emulated Jetson Orin Nano-class companion computer,1.8128,10.0,100.0,20.0,0.359,3.539,0.284,5.567,15.0,1.5,2.0,144.106,0.0512,1.5,1.7201,0,0,safe,0,,4500,42,37,46
8,7,rrt,8.575,0.1107,<0.5,3d_optitrack_xzy_cylinder,jetson_orin_nano,Emulated Jetson Orin Nano-class companion computer,1.8353,10.0,100.0,20.0,0.35,3.524,0.284,5.567,15.0,1.5,2.0,144.091,0.0161,1.5,1.6574,0,0,safe,0,,4500,42,38,45
8,0,rrt_star,5.3375,0.0,<0.5,3d_optitrack_xzy_cylinder,jetson_orin_nano,Emulated Jetson Orin Nano-class companion computer,3.7258,10.0,100.0,20.0,0.543,3.815,0.287,5.574,15.0,1.5,2.0,144.388,0.0,1.5,1.8454,0,0,safe,0,,4410,44,60,46
8,1,rrt_star,6.0,1.7748,>=1.5,3d_optitrack_xzy_cylinder,jetson_orin_nano,Emulated Jetson Orin Nano-class companion computer,2.4816,10.0,100.0,20.0,0.419,3.628,0.288,5.576,15.0,1.5,2.0,144.203,0.2819,1.5,1.4812,0,0,safe,0,,4620,43,55,46
8,2,rrt_star,6.3625,1.8437,>=1.5,3d_optitrack_xzy_cylinder,jetson_orin_nano,Emulated Jetson Orin Nano-class companion computer,1.9782,10.0,100.0,20.0,0.437,3.655,0.286,5.572,15.0,1.5,2.0,144.227,0.2195,1.5,1.4791,0,0,safe,0,,4560,42,50,46
8,3,rrt_star,6.725,0.0,<0.5,3d_optitrack_xzy_cylinder,jetson_orin_nano,Emulated Jetson Orin Nano-class companion computer,1.8454,10.0,100.0,20.0,0.436,3.654,0.285,5.569,15.0,1.5,2.0,144.223,0.0,1.5,1.4679,0,0,safe,0,,4500,42,49,46
8,4,rrt_star,7.2875,6.7856,>=1.5,3d_optitrack_xzy_cylinder,jetson_orin_nano,Emulated Jetson Orin Nano-class companion computer,1.5156,10.0,100.0,20.0,0.323,3.485,0.285,5.571,15.0,1.5,2.0,144.056,0.2198,1.5,1.5156,0,0,safe,0,,4500,42,38,46
8,5,rrt_star,7.6375,1.1179,1.0-1.5,3d_optitrack_xzy_cylinder,jetson_orin_nano,Emulated Jetson Orin Nano-class companion computer,1.6702,10.0,100.0,20.0,0.327,3.49,0.284,5.569,15.0,1.5,2.0,144.059,0.1441,1.5,1.6702,0,0,safe,0,,4380,42,37,46
8,6,rrt_star,8.0,0.452,<0.5,3d_optitrack_xzy_cylinder,jetson_orin_nano,Emulated Jetson Orin Nano-class companion computer,1.8128,10.0,100.0,20.0,0.34,3.51,0.284,5.568,15.0,1.5,2.0,144.078,0.0512,1.5,1.7201,0,0,safe,0,,4500,42,37,46
8,7,rrt_star,8.575,0.1107,<0.5,3d_optitrack_xzy_cylinder,jetson_orin_nano,Emulated Jetson Orin Nano-class companion computer,1.8353,10.0,100.0,20.0,0.377,3.565,0.283,5.566,15.0,1.5,2.0,144.131,0.0161,1.5,1.6574,0,0,safe,0,,4500,42,38,45
8,0,mppi,5.3375,0.0,<0.5,3d_optitrack_xzy_cylinder,jetson_orin_nano,Emulated Jetson Orin Nano-class companion computer,3.7258,10.0,100.0,20.0,0.492,3.738,11.128,27.256,15.0,1.5,2.0,165.994,0.0,1.5,1.8454,0,0,safe,0,,4410,44,60,46
8,1,mppi,6.0,1.7748,>=1.5,3d_optitrack_xzy_cylinder,jetson_orin_nano,Emulated Jetson Orin Nano-class companion computer,2.4816,10.0,100.0,20.0,0.428,3.642,11.143,27.285,15.0,1.5,2.0,165.927,0.3216,1.5,1.4808,0,0,safe,0,,4560,43,55,46
8,2,mppi,6.3625,1.8437,>=1.5,3d_optitrack_xzy_cylinder,jetson_orin_nano,Emulated Jetson Orin Nano-class companion computer,1.9782,10.0,100.0,20.0,0.393,3.589,11.115,27.23,15.0,1.5,2.0,165.819,0.2195,1.5,1.4788,0,0,safe,0,,4560,42,51,46
8,3,mppi,6.725,0.0,<0.5,3d_optitrack_xzy_cylinder,jetson_orin_nano,Emulated Jetson Orin Nano-class companion computer,1.8454,10.0,100.0,20.0,0.374,3.562,11.179,27.358,15.0,1.5,2.0,165.92,0.0,1.5,1.4668,0,0,safe,0,,4500,42,49,46
8,4,mppi,7.2875,6.7856,>=1.5,3d_optitrack_xzy_cylinder,jetson_orin_nano,Emulated Jetson Orin Nano-class companion computer,1.5156,10.0,100.0,20.0,0.286,3.429,11.168,27.336,15.0,1.5,2.0,165.765,0.2512,1.5,1.5156,0,0,safe,0,,4500,42,38,46
8,5,mppi,7.6375,1.1179,1.0-1.5,3d_optitrack_xzy_cylinder,jetson_orin_nano,Emulated Jetson Orin Nano-class companion computer,1.6702,10.0,100.0,20.0,0.282,3.423,11.18,27.36,15.0,1.5,2.0,165.783,0.1617,1.5,1.6702,0,0,safe,0,,4380,42,37,46
8,6,mppi,8.0,0.452,<0.5,3d_optitrack_xzy_cylinder,jetson_orin_nano,Emulated Jetson Orin Nano-class companion computer,1.8128,10.0,100.0,20.0,0.349,3.523,12.361,29.722,15.0,1.5,2.0,168.245,0.0596,1.5,1.7159,0,0,safe,0,,4500,42,37,46
8,7,mppi,8.575,0.1107,<0.5,3d_optitrack_xzy_cylinder,jetson_orin_nano,Emulated Jetson Orin Nano-class companion computer,1.8353,10.0,100.0,20.0,0.449,3.673,12.923,30.846,15.0,1.5,2.0,169.519,0.0187,1.5,1.6539,0,0,safe,0,,4500,42,38,45
9,0,rrt,4.875,1.2286,1.0-1.5,3d_optitrack_xzy_cylinder,jetson_orin_nano,Emulated Jetson Orin Nano-class companion computer,2.2276,10.0,100.0,20.0,0.358,3.538,0.299,5.599,15.0,1.5,2.0,144.136,0.179,1.5,0.5121,0,0,safe,0,,4410,32,49,45
9,1,rrt,5.225,1.2887,1.0-1.5,3d_optitrack_xzy_cylinder,jetson_orin_nano,Emulated Jetson Orin Nano-class companion computer,1.795,10.0,100.0,20.0,0.526,3.789,0.608,6.215,15.0,1.5,2.0,145.004,0.1885,1.5,0.5046,0,0,safe,0,,4440,32,47,45
9,2,rrt,5.5875,1.3068,1.0-1.5,3d_optitrack_xzy_cylinder,jetson_orin_nano,Emulated Jetson Orin Nano-class companion computer,1.3502,10.0,100.0,20.0,0.317,3.475,0.437,5.874,15.0,1.5,2.0,144.349,0.1917,1.5,0.5399,0,0,safe,0,,4500,32,47,45
9,3,rrt,5.9375,1.3744,1.0-1.5,3d_optitrack_xzy_cylinder,jetson_orin_nano,Emulated Jetson Orin Nano-class companion computer,0.9447,10.0,100.0,20.0,0.341,3.511,0.419,5.838,15.0,1.5,2.0,144.349,0.1996,1.5,0.5191,0,0,safe,0,,4560,32,46,45
9,4,rrt,6.2875,1.3651,1.0-1.5,3d_optitrack_xzy_cylinder,jetson_orin_nano,Emulated Jetson Orin Nano-class companion computer,0.6308,10.0,100.0,20.0,0.596,3.894,0.42,5.84,15.0,1.5,2.0,144.734,0.194,1.5,0.5466,0,0,safe,0,,4380,32,43,45
9,5,rrt,6.65,1.2955,1.0-1.5,3d_optitrack_xzy_cylinder,jetson_orin_nano,Emulated Jetson Orin Nano-class companion computer,0.4929,10.0,100.0,20.0,0.199,3.299,0.292,5.584,15.0,1.5,2.0,143.882,0.1824,1.5,0.4929,0,1,violation,0,,4500,32,39,45
9,6,rrt,7.0,1.1531,1.0-1.5,3d_optitrack_xzy_cylinder,jetson_orin_nano,Emulated Jetson Orin Nano-class companion computer,0.5987,10.0,100.0,20.0,0.254,3.381,0.295,5.589,15.0,1.5,2.0,143.97,0.1666,1.5,0.5987,0,0,safe,0,,4440,32,39,45
9,7,rrt,7.35,1.0681,1.0-1.5,3d_optitrack_xzy_cylinder,jetson_orin_nano,Emulated Jetson Orin Nano-class companion computer,0.8303,10.0,100.0,20.0,0.253,3.379,0.292,5.583,15.0,1.5,2.0,143.962,0.1484,1.5,0.8303,0,0,safe,0,,4500,32,39,45
9,0,rrt_star,4.875,1.2286,1.0-1.5,3d_optitrack_xzy_cylinder,jetson_orin_nano,Emulated Jetson Orin Nano-class companion computer,2.2276,10.0,100.0,20.0,0.392,3.588,0.291,5.582,15.0,1.5,2.0,144.169,0.179,1.5,0.5122,0,0,safe,0,,4410,32,49,45
9,1,rrt_star,5.225,1.2887,1.0-1.5,3d_optitrack_xzy_cylinder,jetson_orin_nano,Emulated Jetson Orin Nano-class companion computer,1.795,10.0,100.0,20.0,0.464,3.697,120.845,246.689,15.0,1.5,2.0,385.386,0.5057,1.5,0.5103,0,0,safe,0,,4500,32,50,45
9,2,rrt_star,5.5875,1.3068,1.0-1.5,3d_optitrack_xzy_cylinder,jetson_orin_nano,Emulated Jetson Orin Nano-class companion computer,1.3502,10.0,100.0,20.0,0.486,3.729,125.906,256.813,15.0,1.5,2.0,395.542,0.5435,1.5,0.5007,0,0,safe,0,,4560,32,49,45
9,3,rrt_star,5.9375,1.3744,1.0-1.5,3d_optitrack_xzy_cylinder,jetson_orin_nano,Emulated Jetson Orin Nano-class companion computer,0.9447,10.0,100.0,20.0,0.364,3.546,131.548,268.096,15.0,1.5,2.0,406.643,0.5596,1.5,0.5158,0,0,safe,0,,4560,32,48,45
9,4,rrt_star,6.2875,1.3651,1.0-1.5,3d_optitrack_xzy_cylinder,jetson_orin_nano,Emulated Jetson Orin Nano-class companion computer,0.6308,10.0,100.0,20.0,0.323,3.484,12.306,29.611,15.0,1.5,2.0,168.095,0.2279,1.5,0.4925,1,1,collision,1,RRT* failed to find a path,4620,32,44,45
9,5,rrt_star,6.65,1.2955,1.0-1.5,3d_optitrack_xzy_cylinder,jetson_orin_nano,Emulated Jetson Orin Nano-class companion computer,0.4929,10.0,100.0,20.0,0.248,3.372,0.285,5.57,15.0,1.5,2.0,143.943,0.1825,1.5,0.4929,0,1,violation,0,,4500,32,39,45
9,6,rrt_star,7.0,1.1531,1.0-1.5,3d_optitrack_xzy_cylinder,jetson_orin_nano,Emulated Jetson Orin Nano-class companion computer,0.5987,10.0,100.0,20.0,0.253,3.379,0.285,5.57,15.0,1.5,2.0,143.949,0.1666,1.5,0.5987,0,0,safe,0,,4440,32,39,45
9,7,rrt_star,7.35,1.0681,1.0-1.5,3d_optitrack_xzy_cylinder,jetson_orin_nano,Emulated Jetson Orin Nano-class companion computer,0.8303,10.0,100.0,20.0,0.247,3.371,0.283,5.567,15.0,1.5,2.0,143.938,0.1483,1.5,0.8303,0,0,safe,0,,4500,32,39,45
9,0,mppi,4.875,1.2286,1.0-1.5,3d_optitrack_xzy_cylinder,jetson_orin_nano,Emulated Jetson Orin Nano-class companion computer,2.2276,10.0,100.0,20.0,0.393,3.59,12.21,29.42,15.0,1.5,2.0,168.01,0.209,1.5,0.505,0,0,safe,0,,4410,32,49,45
9,1,mppi,5.225,1.2887,1.0-1.5,3d_optitrack_xzy_cylinder,jetson_orin_nano,Emulated Jetson Orin Nano-class companion computer,1.795,10.0,100.0,20.0,0.277,3.416,11.45,27.901,15.0,1.5,2.0,166.317,0.216,1.5,0.5455,0,0,safe,0,,4500,32,48,45
9,2,mppi,5.5875,1.3068,1.0-1.5,3d_optitrack_xzy_cylinder,jetson_orin_nano,Emulated Jetson Orin Nano-class companion computer,1.3502,10.0,100.0,20.0,0.281,3.422,11.531,28.063,15.0,1.5,2.0,166.485,0.2241,1.5,0.6688,0,0,safe,0,,4560,32,47,45
9,3,mppi,5.9375,1.3744,1.0-1.5,3d_optitrack_xzy_cylinder,jetson_orin_nano,Emulated Jetson Orin Nano-class companion computer,0.9447,10.0,100.0,20.0,0.263,3.394,11.528,28.056,15.0,1.5,2.0,166.45,0.2296,1.5,0.6732,0,0,safe,0,,4500,32,46,45
9,4,mppi,6.2875,1.3651,1.0-1.5,3d_optitrack_xzy_cylinder,jetson_orin_nano,Emulated Jetson Orin Nano-class companion computer,0.6308,10.0,100.0,20.0,0.243,3.365,11.537,28.074,15.0,1.5,2.0,166.439,0.2256,1.5,0.5356,0,0,safe,0,,4500,32,43,45
9,5,mppi,6.65,1.2955,1.0-1.5,3d_optitrack_xzy_cylinder,jetson_orin_nano,Emulated Jetson Orin Nano-class companion computer,0.4929,10.0,100.0,20.0,0.223,3.335,11.279,27.558,15.0,1.5,2.0,165.893,0.2113,1.5,0.4929,0,1,violation,0,,4500,32,39,45
9,6,mppi,7.0,1.1531,1.0-1.5,3d_optitrack_xzy_cylinder,jetson_orin_nano,Emulated Jetson Orin Nano-class companion computer,0.5987,10.0,100.0,20.0,0.221,3.332,11.232,27.464,15.0,1.5,2.0,165.796,0.1853,1.5,0.5987,0,0,safe,0,,4440,32,39,45
9,7,mppi,7.35,1.0681,1.0-1.5,3d_optitrack_xzy_cylinder,jetson_orin_nano,Emulated Jetson Orin Nano-class companion computer,0.8303,10.0,100.0,20.0,0.251,3.376,15.91,36.819,15.0,1.5,2.0,175.196,0.1858,1.5,0.8303,0,0,safe,0,,4500,32,39,45
10,0,rrt,8.25,0.4678,<0.5,3d_optitrack_xzy_cylinder,jetson_orin_nano,Emulated Jetson Orin Nano-class companion computer,0.9492,10.0,100.0,20.0,0.349,3.523,0.338,5.676,15.0,1.5,2.0,144.199,0.0655,1.5,0.8668,0,0,safe,0,,4410,34,37,45
10,1,rrt,8.6,0.2983,<0.5,3d_optitrack_xzy_cylinder,jetson_orin_nano,Emulated Jetson Orin Nano-class companion computer,0.8744,10.0,100.0,20.0,0.636,3.954,0.431,5.863,15.0,1.5,2.0,144.817,0.0383,1.5,0.8414,0,0,safe,0,,4410,36,36,45
10,2,rrt,8.9625,0.2496,<0.5,3d_optitrack_xzy_cylinder,jetson_orin_nano,Emulated Jetson Orin Nano-class companion computer,0.8427,10.0,100.0,20.0,0.477,3.716,0.373,5.745,15.0,1.5,2.0,144.461,0.0408,1.5,0.8065,0,0,safe,0,,4410,37,35,45
10,3,rrt,9.325,0.4489,<0.5,3d_optitrack_xzy_cylinder,jetson_orin_nano,Emulated Jetson Orin Nano-class companion computer,0.83,10.0,100.0,20.0,0.353,3.529,0.368,5.735,15.0,1.5,2.0,144.264,0.0786,1.5,0.7663,0,0,safe,0,,4410,36,35,45
10,4,rrt,9.6875,0.7626,0.5-1.0,3d_optitrack_xzy_cylinder,jetson_orin_nano,Emulated Jetson Orin Nano-class companion computer,0.8737,10.0,100.0,20.0,0.4,3.6,0.314,5.629,15.0,1.5,2.0,144.229,0.1132,1.5,0.7493,0,0,safe,0,,4500,36,36,45
10,5,rrt,10.9,0.8581,0.5-1.0,3d_optitrack_xzy_cylinder,jetson_orin_nano,Emulated Jetson Orin Nano-class companion computer,0.9214,10.0,100.0,20.0,0.44,3.66,0.3,5.6,15.0,1.5,2.0,144.26,0.1313,1.5,0.8752,0,0,safe,0,,4500,37,42,45
10,6,rrt,11.2625,1.082,1.0-1.5,3d_optitrack_xzy_cylinder,jetson_orin_nano,Emulated Jetson Orin Nano-class companion computer,0.8358,10.0,100.0,20.0,2.336,6.504,0.335,5.67,15.0,1.5,2.0,147.174,0.1394,1.5,0.8358,0,0,safe,0,,4620,38,41,45
10,7,rrt,11.6125,1.2546,1.0-1.5,3d_optitrack_xzy_cylinder,jetson_orin_nano,Emulated Jetson Orin Nano-class companion computer,0.9614,10.0,100.0,20.0,0.484,3.725,0.335,5.671,15.0,1.5,2.0,144.396,0.183,1.5,0.9614,0,0,safe,0,,4620,38,41,45
10,0,rrt_star,8.25,0.4678,<0.5,3d_optitrack_xzy_cylinder,jetson_orin_nano,Emulated Jetson Orin Nano-class companion computer,0.9492,10.0,100.0,20.0,0.316,3.474,0.312,5.623,15.0,1.5,2.0,144.097,0.0654,1.5,0.8668,0,0,safe,0,,4410,34,37,45
10,1,rrt_star,8.6,0.2983,<0.5,3d_optitrack_xzy_cylinder,jetson_orin_nano,Emulated Jetson Orin Nano-class companion computer,0.8744,10.0,100.0,20.0,0.308,3.461,0.294,5.588,15.0,1.5,2.0,144.05,0.0381,1.5,0.8414,0,0,safe,0,,4410,36,36,45
10,2,rrt_star,8.9625,0.2496,<0.5,3d_optitrack_xzy_cylinder,jetson_orin_nano,Emulated Jetson Orin Nano-class companion computer,0.8427,10.0,100.0,20.0,0.319,3.478,0.348,5.695,15.0,1.5,2.0,144.174,0.0407,1.5,0.8065,0,0,safe,0,,4410,37,35,45
10,3,rrt_star,9.325,0.4489,<0.5,3d_optitrack_xzy_cylinder,jetson_orin_nano,Emulated Jetson Orin Nano-class companion computer,0.83,10.0,100.0,20.0,0.306,3.459,0.311,5.622,15.0,1.5,2.0,144.081,0.0785,1.5,0.7664,0,0,safe,0,,4410,36,35,45
10,4,rrt_star,9.6875,0.7626,0.5-1.0,3d_optitrack_xzy_cylinder,jetson_orin_nano,Emulated Jetson Orin Nano-class companion computer,0.8737,10.0,100.0,20.0,0.278,3.418,0.32,5.639,15.0,1.5,2.0,144.057,0.113,1.5,0.7493,0,0,safe,0,,4500,36,36,45
10,5,rrt_star,10.9,0.8581,0.5-1.0,3d_optitrack_xzy_cylinder,jetson_orin_nano,Emulated Jetson Orin Nano-class companion computer,0.9214,10.0,100.0,20.0,0.422,3.633,0.292,5.583,15.0,1.5,2.0,144.216,0.1312,1.5,0.8752,0,0,safe,0,,4500,37,42,45
10,6,rrt_star,11.2625,1.082,1.0-1.5,3d_optitrack_xzy_cylinder,jetson_orin_nano,Emulated Jetson Orin Nano-class companion computer,0.8358,10.0,100.0,20.0,0.347,3.521,0.372,5.745,15.0,1.5,2.0,144.265,0.1433,1.5,0.8358,0,0,safe,0,,4620,38,41,45
10,7,rrt_star,11.6125,1.2546,1.0-1.5,3d_optitrack_xzy_cylinder,jetson_orin_nano,Emulated Jetson Orin Nano-class companion computer,0.9614,10.0,100.0,20.0,0.341,3.512,0.299,5.598,15.0,1.5,2.0,144.11,0.1827,1.5,0.9614,0,0,safe,0,,4620,38,41,45
10,0,mppi,8.25,0.4678,<0.5,3d_optitrack_xzy_cylinder,jetson_orin_nano,Emulated Jetson Orin Nano-class companion computer,0.9492,10.0,100.0,20.0,0.27,3.405,13.069,31.137,15.0,1.5,2.0,169.542,0.0751,1.5,0.8656,0,0,safe,0,,4410,34,37,45
10,1,mppi,8.6,0.2983,<0.5,3d_optitrack_xzy_cylinder,jetson_orin_nano,Emulated Jetson Orin Nano-class companion computer,0.8744,10.0,100.0,20.0,0.281,3.422,12.915,30.831,15.0,1.5,2.0,169.252,0.045,1.5,0.8391,0,0,safe,0,,4410,36,36,45
10,2,mppi,8.9625,0.2496,<0.5,3d_optitrack_xzy_cylinder,jetson_orin_nano,Emulated Jetson Orin Nano-class companion computer,0.8427,10.0,100.0,20.0,0.296,3.445,13.918,32.835,15.0,1.5,2.0,171.28,0.0495,1.5,0.804,0,0,safe,0,,4410,37,35,45
10,3,mppi,9.325,0.4489,<0.5,3d_optitrack_xzy_cylinder,jetson_orin_nano,Emulated Jetson Orin Nano-class companion computer,0.83,10.0,100.0,20.0,0.284,3.427,13.73,32.459,15.0,1.5,2.0,170.886,0.095,1.5,0.7636,0,0,safe,0,,4410,36,35,45
10,4,mppi,9.6875,0.7626,0.5-1.0,3d_optitrack_xzy_cylinder,jetson_orin_nano,Emulated Jetson Orin Nano-class companion computer,0.8737,10.0,100.0,20.0,0.357,3.536,14.038,33.075,15.0,1.5,2.0,171.611,0.1331,1.5,0.7499,0,0,safe,0,,4560,36,36,45
10,5,mppi,10.9,0.8581,0.5-1.0,3d_optitrack_xzy_cylinder,jetson_orin_nano,Emulated Jetson Orin Nano-class companion computer,0.9214,10.0,100.0,20.0,0.48,3.72,12.972,30.944,15.0,1.5,2.0,169.664,0.1558,1.5,0.8679,0,0,safe,0,,4500,38,42,45
10,6,mppi,11.2625,1.082,1.0-1.5,3d_optitrack_xzy_cylinder,jetson_orin_nano,Emulated Jetson Orin Nano-class companion computer,0.8358,10.0,100.0,20.0,0.389,3.584,13.367,31.735,15.0,1.5,2.0,170.318,0.193,1.5,0.8358,0,0,safe,0,,4620,38,41,45
10,7,mppi,11.6125,1.2546,1.0-1.5,3d_optitrack_xzy_cylinder,jetson_orin_nano,Emulated Jetson Orin Nano-class companion computer,0.9614,10.0,100.0,20.0,0.339,3.508,13.352,31.705,15.0,1.5,2.0,170.213,0.2162,1.5,0.9614,0,0,safe,0,,4620,38,41,45
11,0,rrt,8.0875,0.6689,0.5-1.0,3d_optitrack_xzy_cylinder,jetson_orin_nano,Emulated Jetson Orin Nano-class companion computer,0.9795,10.0,100.0,20.0,0.35,3.525,0.311,5.623,15.0,1.5,2.0,144.147,0.1031,1.5,0.7587,0,0,safe,0,,4500,35,37,45
11,1,rrt,8.45,0.7141,0.5-1.0,3d_optitrack_xzy_cylinder,jetson_orin_nano,Emulated Jetson Orin Nano-class companion computer,1.016,10.0,100.0,20.0,0.275,3.412,0.439,5.877,15.0,1.5,2.0,144.289,0.099,1.5,0.6544,0,0,safe,0,,4650,35,37,45
11,2,rrt,9.0125,0.6163,0.5-1.0,3d_optitrack_xzy_cylinder,jetson_orin_nano,Emulated Jetson Orin Nano-class companion computer,1.0098,10.0,100.0,20.0,0.296,3.444,0.348,5.696,15.0,1.5,2.0,144.14,0.0937,1.5,0.667,0,0,safe,0,,4680,35,39,45
11,3,rrt,9.375,0.791,0.5-1.0,3d_optitrack_xzy_cylinder,jetson_orin_nano,Emulated Jetson Orin Nano-class companion computer,0.9235,10.0,100.0,20.0,0.272,3.408,0.318,5.636,15.0,1.5,2.0,144.044,0.1199,1.5,0.6976,0,0,safe,0,,4680,35,37,45
11,4,rrt,9.725,1.1275,1.0-1.5,3d_optitrack_xzy_cylinder,jetson_orin_nano,Emulated Jetson Orin Nano-class companion computer,0.7948,10.0,100.0,20.0,0.467,3.7,0.301,5.602,15.0,1.5,2.0,144.302,0.1654,1.5,0.7439,0,0,safe,0,,4560,38,43,45
11,5,rrt,10.0875,1.0212,1.0-1.5,3d_optitrack_xzy_cylinder,jetson_orin_nano,Emulated Jetson Orin Nano-class companion computer,0.7088,10.0,100.0,20.0,1.279,4.919,0.338,5.676,15.0,1.5,2.0,145.595,0.125,1.5,0.7088,0,0,safe,0,,4410,39,41,45
11,6,rrt,10.5625,0.0,<0.5,3d_optitrack_xzy_cylinder,jetson_orin_nano,Emulated Jetson Orin Nano-class companion computer,0.8107,10.0,100.0,20.0,0.595,3.893,0.338,5.676,15.0,1.5,2.0,144.569,0.0,1.5,0.8107,0,0,safe,0,,4590,40,41,45
11,7,rrt,10.9125,2.5903,>=1.5,3d_optitrack_xzy_cylinder,jetson_orin_nano,Emulated Jetson Orin Nano-class companion computer,0.8107,10.0,100.0,20.0,0.533,3.799,0.33,5.66,15.0,1.5,2.0,144.459,0.6634,1.5,0.8107,0,0,safe,0,,4500,41,41,45
11,0,rrt_star,8.0875,0.6689,0.5-1.0,3d_optitrack_xzy_cylinder,jetson_orin_nano,Emulated Jetson Orin Nano-class companion computer,0.9795,10.0,100.0,20.0,0.311,3.466,0.322,5.645,15.0,1.5,2.0,144.111,0.1031,1.5,0.7587,0,0,safe,0,,4500,35,37,45
11,1,rrt_star,8.45,0.7141,0.5-1.0,3d_optitrack_xzy_cylinder,jetson_orin_nano,Emulated Jetson Orin Nano-class companion computer,1.016,10.0,100.0,20.0,0.351,3.527,0.304,5.607,15.0,1.5,2.0,144.134,0.0989,1.5,0.6544,0,0,safe,0,,4650,35,37,45
11,2,rrt_star,9.0125,0.6163,0.5-1.0,3d_optitrack_xzy_cylinder,jetson_orin_nano,Emulated Jetson Orin Nano-class companion computer,1.0098,10.0,100.0,20.0,0.275,3.412,0.443,5.887,15.0,1.5,2.0,144.299,0.0938,1.5,0.667,0,0,safe,0,,4680,35,39,45
11,3,rrt_star,9.375,0.791,0.5-1.0,3d_optitrack_xzy_cylinder,jetson_orin_nano,Emulated Jetson Orin Nano-class companion computer,0.9235,10.0,100.0,20.0,0.39,3.585,0.311,5.622,15.0,1.5,2.0,144.206,0.1201,1.5,0.6976,0,0,safe,0,,4680,35,37,45
11,4,rrt_star,9.725,1.1275,1.0-1.5,3d_optitrack_xzy_cylinder,jetson_orin_nano,Emulated Jetson Orin Nano-class companion computer,0.7948,10.0,100.0,20.0,0.348,3.522,0.309,5.618,15.0,1.5,2.0,144.14,0.1652,1.5,0.7439,0,0,safe,0,,4560,38,43,45
11,5,rrt_star,10.0875,1.0212,1.0-1.5,3d_optitrack_xzy_cylinder,jetson_orin_nano,Emulated Jetson Orin Nano-class companion computer,0.7088,10.0,100.0,20.0,0.348,3.522,0.287,5.574,15.0,1.5,2.0,144.096,0.125,1.5,0.7088,0,0,safe,0,,4410,39,41,45
11,6,rrt_star,10.5625,0.0,<0.5,3d_optitrack_xzy_cylinder,jetson_orin_nano,Emulated Jetson Orin Nano-class companion computer,0.8107,10.0,100.0,20.0,0.362,3.543,0.308,5.616,15.0,1.5,2.0,144.16,0.0,1.5,0.8107,0,0,safe,0,,4590,40,41,45
11,7,rrt_star,10.9125,2.5903,>=1.5,3d_optitrack_xzy_cylinder,jetson_orin_nano,Emulated Jetson Orin Nano-class companion computer,0.8107,10.0,100.0,20.0,0.375,3.563,0.288,5.576,15.0,1.5,2.0,144.139,0.6631,1.5,0.8107,0,0,safe,0,,4500,41,41,45
11,0,mppi,8.0875,0.6689,0.5-1.0,3d_optitrack_xzy_cylinder,jetson_orin_nano,Emulated Jetson Orin Nano-class companion computer,0.9795,10.0,100.0,20.0,0.314,3.472,12.617,30.234,15.0,1.5,2.0,168.706,0.1221,1.5,0.7499,0,0,safe,0,,4500,35,37,45
11,1,mppi,8.45,0.7141,0.5-1.0,3d_optitrack_xzy_cylinder,jetson_orin_nano,Emulated Jetson Orin Nano-class companion computer,1.016,10.0,100.0,20.0,0.294,3.441,12.418,29.837,15.0,1.5,2.0,168.278,0.1145,1.5,0.647,0,0,safe,0,,4530,35,38,45
11,2,mppi,9.0125,0.6163,0.5-1.0,3d_optitrack_xzy_cylinder,jetson_orin_nano,Emulated Jetson Orin Nano-class companion computer,1.0098,10.0,100.0,20.0,0.244,3.366,12.121,29.241,15.0,1.5,2.0,167.607,0.1075,1.5,0.6691,0,0,safe,0,,4680,35,39,45
11,3,mppi,9.375,0.791,0.5-1.0,3d_optitrack_xzy_cylinder,jetson_orin_nano,Emulated Jetson Orin Nano-class companion computer,0.9235,10.0,100.0,20.0,0.309,3.463,11.321,27.642,15.0,1.5,2.0,166.105,0.1433,1.5,0.7531,0,0,safe,0,,4620,36,43,45
11,4,mppi,9.725,1.1275,1.0-1.5,3d_optitrack_xzy_cylinder,jetson_orin_nano,Emulated Jetson Orin Nano-class companion computer,0.7948,10.0,100.0,20.0,0.295,3.442,11.25,27.501,15.0,1.5,2.0,165.943,0.1926,1.5,0.7381,0,0,safe,0,,4620,38,43,45
11,5,mppi,10.0875,1.0212,1.0-1.5,3d_optitrack_xzy_cylinder,jetson_orin_nano,Emulated Jetson Orin Nano-class companion computer,0.7088,10.0,100.0,20.0,0.302,3.453,11.207,27.414,15.0,1.5,2.0,165.867,0.1636,1.5,0.7088,0,0,safe,0,,4530,39,40,45
11,6,mppi,10.5625,0.0,<0.5,3d_optitrack_xzy_cylinder,jetson_orin_nano,Emulated Jetson Orin Nano-class companion computer,0.8107,10.0,100.0,20.0,0.312,3.468,12.215,29.431,15.0,1.5,2.0,167.899,0.0,1.5,0.8107,0,0,safe,0,,4620,40,41,45
11,7,mppi,10.9125,2.5903,>=1.5,3d_optitrack_xzy_cylinder,jetson_orin_nano,Emulated Jetson Orin Nano-class companion computer,0.8107,10.0,100.0,20.0,0.638,3.957,12.065,29.13,15.0,1.5,2.0,168.086,0.6827,1.5,0.8107,0,0,safe,0,,4530,41,41,45
12,0,rrt,3.2,0.6356,0.5-1.0,3d_optitrack_xzy_cylinder,jetson_orin_nano,Emulated Jetson Orin Nano-class companion computer,4.2283,10.0,100.0,20.0,0.498,3.746,0.292,5.583,15.0,1.5,2.0,144.329,0.1017,1.5,2.0001,0,0,safe,0,,4500,30,70,45
12,1,rrt,3.5625,1.0228,1.0-1.5,3d_optitrack_xzy_cylinder,jetson_orin_nano,Emulated Jetson Orin Nano-class companion computer,3.9293,10.0,100.0,20.0,0.419,3.629,0.29,5.579,15.0,1.5,2.0,144.208,0.1579,1.5,2.0001,0,0,safe,0,,4500,30,67,45
12,2,rrt,3.9125,1.3689,1.0-1.5,3d_optitrack_xzy_cylinder,jetson_orin_nano,Emulated Jetson Orin Nano-class companion computer,3.5132,10.0,100.0,20.0,0.418,3.627,0.285,5.569,15.0,1.5,2.0,144.196,0.2062,1.5,2.0001,0,0,safe,0,,4500,30,62,45
12,3,rrt,4.2625,1.6422,>=1.5,3d_optitrack_xzy_cylinder,jetson_orin_nano,Emulated Jetson Orin Nano-class companion computer,2.9838,10.0,100.0,20.0,0.406,3.609,48.228,101.456,15.0,1.5,2.0,240.065,0.4191,1.5,0.4185,1,1,collision,1,RRT failed to find a path,4500,32,57,45
12,4,rrt,4.625,0.4673,<0.5,3d_optitrack_xzy_cylinder,jetson_orin_nano,Emulated Jetson Orin Nano-class companion computer,2.4538,10.0,100.0,20.0,0.545,3.818,1.117,7.234,15.0,1.5,2.0,146.052,0.0,1.5,0.508,0,0,safe,0,,4650,32,57,45
12,5,rrt,5.0,0.0,<0.5,3d_optitrack_xzy_cylinder,jetson_orin_nano,Emulated Jetson Orin Nano-class companion computer,2.0001,10.0,100.0,20.0,0.599,3.898,1.092,7.184,15.0,1.5,2.0,146.082,0.0,1.5,0.5162,0,0,safe,0,,4680,32,55,45
12,6,rrt,5.6125,6.798,>=1.5,3d_optitrack_xzy_cylinder,jetson_orin_nano,Emulated Jetson Orin Nano-class companion computer,0.674,10.0,100.0,20.0,0.383,3.575,0.461,5.923,15.0,1.5,2.0,144.498,0.2028,1.5,0.5221,0,0,safe,0,,4620,33,42,45
12,7,rrt,5.9875,1.4743,1.0-1.5,3d_optitrack_xzy_cylinder,jetson_orin_nano,Emulated Jetson Orin Nano-class companion computer,0.4034,10.0,100.0,20.0,0.42,3.631,25.814,56.628,15.0,1.5,2.0,195.259,0.2231,1.5,0.4034,1,1,collision,1,RRT failed to find a path,4650,33,36,45
12,0,rrt_star,3.2,0.6356,0.5-1.0,3d_optitrack_xzy_cylinder,jetson_orin_nano,Emulated Jetson Orin Nano-class companion computer,4.2283,10.0,100.0,20.0,4.475,9.713,1.411,7.823,15.0,1.5,2.0,152.535,0.1072,1.5,2.0001,0,0,safe,0,,4500,30,70,45
12,1,rrt_star,3.5625,1.0228,1.0-1.5,3d_optitrack_xzy_cylinder,jetson_orin_nano,Emulated Jetson Orin Nano-class companion computer,3.9293,10.0,100.0,20.0,1.912,5.868,0.586,6.173,15.0,1.5,2.0,147.041,0.1611,1.5,2.0001,0,0,safe,0,,4500,30,67,45
12,2,rrt_star,3.9125,1.3689,1.0-1.5,3d_optitrack_xzy_cylinder,jetson_orin_nano,Emulated Jetson Orin Nano-class companion computer,3.5132,10.0,100.0,20.0,0.873,4.309,0.33,5.659,15.0,1.5,2.0,144.968,0.2074,1.5,2.0001,0,0,safe,0,,4500,30,62,45
12,3,rrt_star,4.2625,1.6422,>=1.5,3d_optitrack_xzy_cylinder,jetson_orin_nano,Emulated Jetson Orin Nano-class companion computer,2.9838,10.0,100.0,20.0,0.54,3.81,98.706,202.411,15.0,1.5,2.0,341.221,0.536,1.5,0.4161,1,1,collision,1,RRT* failed to find a path,4590,32,57,45
12,4,rrt_star,4.625,0.4673,<0.5,3d_optitrack_xzy_cylinder,jetson_orin_nano,Emulated Jetson Orin Nano-class companion computer,2.4538,10.0,100.0,20.0,0.469,3.704,120.632,246.264,15.0,1.5,2.0,384.968,0.4623,1.5,0.5201,0,0,safe,0,,4620,32,58,45
12,5,rrt_star,5.0,0.0,<0.5,3d_optitrack_xzy_cylinder,jetson_orin_nano,Emulated Jetson Orin Nano-class companion computer,2.0001,10.0,100.0,20.0,0.439,3.658,113.173,231.345,15.0,1.5,2.0,370.003,0.0,1.5,0.5115,0,0,safe,0,,4620,32,56,45
12,6,rrt_star,5.6125,6.798,>=1.5,3d_optitrack_xzy_cylinder,jetson_orin_nano,Emulated Jetson Orin Nano-class companion computer,0.674,10.0,100.0,20.0,0.403,3.604,12.147,29.294,15.0,1.5,2.0,167.898,0.2028,1.5,0.4193,1,1,collision,1,RRT* failed to find a path,4620,33,42,45
12,7,rrt_star,5.9875,1.4743,1.0-1.5,3d_optitrack_xzy_cylinder,jetson_orin_nano,Emulated Jetson Orin Nano-class companion computer,0.4034,10.0,100.0,20.0,0.296,3.444,13.655,32.31,15.0,1.5,2.0,170.755,0.2191,1.5,0.4034,1,1,collision,1,RRT* failed to find a path,4680,33,36,45
12,0,mppi,3.2,0.6356,0.5-1.0,3d_optitrack_xzy_cylinder,jetson_orin_nano,Emulated Jetson Orin Nano-class companion computer,4.2283,10.0,100.0,20.0,0.812,4.218,18.821,42.642,15.0,1.5,2.0,181.86,0.1323,1.5,2.0001,0,0,safe,0,,4500,30,70,45
12,1,mppi,3.5625,1.0228,1.0-1.5,3d_optitrack_xzy_cylinder,jetson_orin_nano,Emulated Jetson Orin Nano-class companion computer,3.9293,10.0,100.0,20.0,0.799,4.199,21.799,48.598,15.0,1.5,2.0,187.797,0.21,1.5,2.0001,0,0,safe,0,,4500,30,67,45
12,2,mppi,3.9125,1.3689,1.0-1.5,3d_optitrack_xzy_cylinder,jetson_orin_nano,Emulated Jetson Orin Nano-class companion computer,3.5132,10.0,100.0,20.0,0.511,3.767,11.768,28.536,15.0,1.5,2.0,167.303,0.2411,1.5,2.0001,0,0,safe,0,,4500,30,62,45
12,3,mppi,4.2625,1.6422,>=1.5,3d_optitrack_xzy_cylinder,jetson_orin_nano,Emulated Jetson Orin Nano-class companion computer,2.9838,10.0,100.0,20.0,0.383,3.574,12.847,30.695,15.0,1.5,2.0,169.269,0.2584,1.5,0.4362,0,1,violation,0,,4380,31,57,45
12,4,mppi,4.625,0.4673,<0.5,3d_optitrack_xzy_cylinder,jetson_orin_nano,Emulated Jetson Orin Nano-class companion computer,2.4538,10.0,100.0,20.0,1.905,5.857,13.354,31.708,15.0,1.5,2.0,172.566,0.3723,1.5,0.5195,0,0,safe,0,,4650,32,55,45
12,5,mppi,5.0,0.0,<0.5,3d_optitrack_xzy_cylinder,jetson_orin_nano,Emulated Jetson Orin Nano-class companion computer,2.0001,10.0,100.0,20.0,0.453,3.68,11.988,28.975,15.0,1.5,2.0,167.656,0.0,1.5,0.677,0,0,safe,0,,4680,32,55,45
12,6,mppi,5.6125,6.798,>=1.5,3d_optitrack_xzy_cylinder,jetson_orin_nano,Emulated Jetson Orin Nano-class companion computer,0.674,10.0,100.0,20.0,0.264,3.397,12.346,29.693,15.0,1.5,2.0,168.09,0.2028,1.5,0.5473,0,0,safe,0,,4620,33,42,45
12,7,mppi,5.9875,1.4743,1.0-1.5,3d_optitrack_xzy_cylinder,jetson_orin_nano,Emulated Jetson Orin Nano-class companion computer,0.4034,10.0,100.0,20.0,0.276,3.414,12.304,29.608,15.0,1.5,2.0,168.021,0.2166,1.5,0.4034,0,1,violation,0,,4680,33,36,45
13,0,rrt,1.5625,0.3371,<0.5,3d_optitrack_xzy_cylinder,jetson_orin_nano,Emulated Jetson Orin Nano-class companion computer,4.5225,10.0,100.0,20.0,0.655,3.982,0.291,5.583,15.0,1.5,2.0,144.565,0.0458,1.5,4.5225,0,0,safe,0,,4500,42,72,45
13,1,rrt,6.2125,1.2083,1.0-1.5,3d_optitrack_xzy_cylinder,jetson_orin_nano,Emulated Jetson Orin Nano-class companion computer,4.2099,10.0,100.0,20.0,0.521,3.781,0.289,5.578,15.0,1.5,2.0,144.36,0.1824,1.5,3.5641,0,0,safe,0,,4500,40,67,45
13,2,rrt,6.5625,1.4604,1.0-1.5,3d_optitrack_xzy_cylinder,jetson_orin_nano,Emulated Jetson Orin Nano-class companion computer,3.7369,10.0,100.0,20.0,0.488,3.732,0.014,5.029,15.0,1.5,2.0,143.76,0.18,1.5,3.5641,0,0,safe,0,,4620,39,63,45
13,3,rrt,6.9125,0.0,<0.5,3d_optitrack_xzy_cylinder,jetson_orin_nano,Emulated Jetson Orin Nano-class companion computer,3.5641,10.0,100.0,20.0,0.487,3.73,0.013,5.026,15.0,1.5,2.0,143.756,0.0,1.5,3.5641,0,0,safe,0,,4560,39,61,45
13,4,rrt,7.375,0.0,<0.5,3d_optitrack_xzy_cylinder,jetson_orin_nano,Emulated Jetson Orin Nano-class companion computer,3.5641,10.0,100.0,20.0,0.564,3.846,0.285,5.569,15.0,1.5,2.0,144.415,0.0,1.5,1.3181,0,0,safe,0,,4620,41,69,45
13,5,rrt,7.85,0.0,<0.5,3d_optitrack_xzy_cylinder,jetson_orin_nano,Emulated Jetson Orin Nano-class companion computer,3.5641,10.0,100.0,20.0,0.564,3.846,0.283,5.567,15.0,1.5,2.0,144.413,0.0,1.5,1.3181,0,0,safe,0,,4620,41,69,45
13,6,rrt,8.2,0.0,<0.5,3d_optitrack_xzy_cylinder,jetson_orin_nano,Emulated Jetson Orin Nano-class companion computer,3.5641,10.0,100.0,20.0,0.601,3.902,0.302,5.604,15.0,1.5,2.0,144.506,0.0,1.5,1.3181,0,0,safe,0,,4620,41,69,45
13,7,rrt,8.5625,0.0,<0.5,3d_optitrack_xzy_cylinder,jetson_orin_nano,Emulated Jetson Orin Nano-class companion computer,3.5641,10.0,100.0,20.0,0.552,3.827,0.282,5.565,15.0,1.5,2.0,144.392,0.0,1.5,1.3181,0,0,safe,0,,4620,41,69,45
13,0,rrt_star,1.5625,0.3371,<0.5,3d_optitrack_xzy_cylinder,jetson_orin_nano,Emulated Jetson Orin Nano-class companion computer,4.5225,10.0,100.0,20.0,0.546,3.819,0.282,5.563,15.0,1.5,2.0,144.382,0.0457,1.5,4.5225,0,0,safe,0,,4500,42,72,45
13,1,rrt_star,6.2125,1.2083,1.0-1.5,3d_optitrack_xzy_cylinder,jetson_orin_nano,Emulated Jetson Orin Nano-class companion computer,4.2099,10.0,100.0,20.0,0.532,3.797,0.285,5.569,15.0,1.5,2.0,144.366,0.1824,1.5,3.5641,0,0,safe,0,,4500,40,67,45
13,2,rrt_star,6.5625,1.4604,1.0-1.5,3d_optitrack_xzy_cylinder,jetson_orin_nano,Emulated Jetson Orin Nano-class companion computer,3.7369,10.0,100.0,20.0,0.531,3.796,0.023,5.046,15.0,1.5,2.0,143.842,0.18,1.5,3.5641,0,0,safe,0,,4620,39,63,45
13,3,rrt_star,6.9125,0.0,<0.5,3d_optitrack_xzy_cylinder,jetson_orin_nano,Emulated Jetson Orin Nano-class companion computer,3.5641,10.0,100.0,20.0,0.496,3.745,0.015,5.03,15.0,1.5,2.0,143.775,0.0,1.5,3.5641,0,0,safe,0,,4560,39,61,45
13,4,rrt_star,7.375,0.0,<0.5,3d_optitrack_xzy_cylinder,jetson_orin_nano,Emulated Jetson Orin Nano-class companion computer,3.5641,10.0,100.0,20.0,0.627,3.94,0.287,5.574,15.0,1.5,2.0,144.514,0.0,1.5,1.3181,0,0,safe,0,,4620,41,69,45
13,5,rrt_star,7.85,0.0,<0.5,3d_optitrack_xzy_cylinder,jetson_orin_nano,Emulated Jetson Orin Nano-class companion computer,3.5641,10.0,100.0,20.0,0.523,3.785,0.283,5.565,15.0,1.5,2.0,144.35,0.0,1.5,1.3181,0,0,safe,0,,4620,41,69,45
13,6,rrt_star,8.2,0.0,<0.5,3d_optitrack_xzy_cylinder,jetson_orin_nano,Emulated Jetson Orin Nano-class companion computer,3.5641,10.0,100.0,20.0,0.534,3.8,0.284,5.567,15.0,1.5,2.0,144.368,0.0,1.5,1.3181,0,0,safe,0,,4620,41,69,45
13,7,rrt_star,8.5625,0.0,<0.5,3d_optitrack_xzy_cylinder,jetson_orin_nano,Emulated Jetson Orin Nano-class companion computer,3.5641,10.0,100.0,20.0,0.591,3.886,0.296,5.591,15.0,1.5,2.0,144.477,0.0,1.5,1.3181,0,0,safe,0,,4620,41,69,45
13,0,mppi,1.5625,0.3371,<0.5,3d_optitrack_xzy_cylinder,jetson_orin_nano,Emulated Jetson Orin Nano-class companion computer,4.5225,10.0,100.0,20.0,0.784,4.176,12.023,29.045,15.0,1.5,2.0,168.221,0.0589,1.5,4.5225,0,0,safe,0,,4500,42,72,45
13,1,mppi,6.2125,1.2083,1.0-1.5,3d_optitrack_xzy_cylinder,jetson_orin_nano,Emulated Jetson Orin Nano-class companion computer,4.2099,10.0,100.0,20.0,0.611,3.917,11.373,27.745,15.0,1.5,2.0,166.662,0.2141,1.5,3.5641,0,0,safe,0,,4500,40,67,45
13,2,mppi,6.5625,1.4604,1.0-1.5,3d_optitrack_xzy_cylinder,jetson_orin_nano,Emulated Jetson Orin Nano-class companion computer,3.7369,10.0,100.0,20.0,0.49,3.734,10.883,26.766,15.0,1.5,2.0,165.501,0.18,1.5,3.5641,0,0,safe,0,,4620,39,63,45
13,3,mppi,6.9125,0.0,<0.5,3d_optitrack_xzy_cylinder,jetson_orin_nano,Emulated Jetson Orin Nano-class companion computer,3.5641,10.0,100.0,20.0,0.442,3.663,10.801,26.601,15.0,1.5,2.0,165.264,0.0,1.5,3.5641,0,0,safe,0,,4560,39,61,45
13,4,mppi,7.375,0.0,<0.5,3d_optitrack_xzy_cylinder,jetson_orin_nano,Emulated Jetson Orin Nano-class companion computer,3.5641,10.0,100.0,20.0,0.519,3.778,11.326,27.653,15.0,1.5,2.0,166.431,0.0,1.5,1.3181,0,0,safe,0,,4620,41,69,45
13,5,mppi,7.85,0.0,<0.5,3d_optitrack_xzy_cylinder,jetson_orin_nano,Emulated Jetson Orin Nano-class companion computer,3.5641,10.0,100.0,20.0,0.705,4.057,11.401,27.803,15.0,1.5,2.0,166.86,0.0,1.5,1.3181,0,0,safe,0,,4620,41,69,45
13,6,mppi,8.2,0.0,<0.5,3d_optitrack_xzy_cylinder,jetson_orin_nano,Emulated Jetson Orin Nano-class companion computer,3.5641,10.0,100.0,20.0,0.655,3.983,11.328,27.656,15.0,1.5,2.0,166.639,0.0,1.5,1.3181,0,0,safe,0,,4620,41,69,45
13,7,mppi,8.5625,0.0,<0.5,3d_optitrack_xzy_cylinder,jetson_orin_nano,Emulated Jetson Orin Nano-class companion computer,3.5641,10.0,100.0,20.0,1.153,4.729,15.6,36.201,15.0,1.5,2.0,175.93,4.2785,1.5,1.5206,0,0,safe,0,,4620,41,69,45
14,0,rrt,0.025,0.2039,<0.5,3d_optitrack_xzy_cylinder,jetson_orin_nano,Emulated Jetson Orin Nano-class companion computer,2.4359,10.0,100.0,20.0,0.594,3.891,0.397,5.793,15.0,1.5,2.0,144.684,0.0269,1.5,2.4359,0,0,safe,0,,4620,48,40,45
14,1,rrt,0.3875,0.0437,<0.5,3d_optitrack_xzy_cylinder,jetson_orin_nano,Emulated Jetson Orin Nano-class companion computer,2.4424,10.0,100.0,20.0,0.738,4.107,0.326,5.652,15.0,1.5,2.0,144.759,0.0048,1.5,2.4424,0,0,safe,0,,4620,48,40,45
14,2,rrt,0.75,0.1312,<0.5,3d_optitrack_xzy_cylinder,jetson_orin_nano,Emulated Jetson Orin Nano-class companion computer,2.4469,10.0,100.0,20.0,0.452,3.679,0.306,5.612,15.0,1.5,2.0,144.29,0.0218,1.5,2.4469,0,0,safe,0,,4620,48,40,45
14,3,rrt,6.05,0.9284,0.5-1.0,3d_optitrack_xzy_cylinder,jetson_orin_nano,Emulated Jetson Orin Nano-class companion computer,2.2195,10.0,100.0,20.0,0.607,3.91,0.308,5.615,15.0,1.5,2.0,144.525,0.144,1.5,0.9499,0,0,safe,0,,4620,50,38,45
14,4,rrt,6.4125,1.2598,1.0-1.5,3d_optitrack_xzy_cylinder,jetson_orin_nano,Emulated Jetson Orin Nano-class companion computer,1.8741,10.0,100.0,20.0,0.507,3.761,0.312,5.625,15.0,1.5,2.0,144.386,0.1904,1.5,0.9802,0,0,safe,0,,4560,52,38,45
14,5,rrt,6.775,1.5483,>=1.5,3d_optitrack_xzy_cylinder,jetson_orin_nano,Emulated Jetson Orin Nano-class companion computer,1.469,10.0,100.0,20.0,0.459,3.689,0.315,5.63,15.0,1.5,2.0,144.319,0.2296,1.5,0.9666,0,0,safe,0,,4560,52,37,45
14,6,rrt,7.1375,1.6273,>=1.5,3d_optitrack_xzy_cylinder,jetson_orin_nano,Emulated Jetson Orin Nano-class companion computer,1.0953,10.0,100.0,20.0,0.426,3.64,0.387,5.774,15.0,1.5,2.0,144.414,0.2513,1.5,0.9371,0,0,safe,0,,4440,48,37,45
14,7,rrt,7.5,1.7491,>=1.5,3d_optitrack_xzy_cylinder,jetson_orin_nano,Emulated Jetson Orin Nano-class companion computer,0.9299,10.0,100.0,20.0,0.376,3.564,0.286,5.572,15.0,1.5,2.0,144.136,0.2352,1.5,0.9299,0,0,safe,0,,4410,42,37,45
14,0,rrt_star,0.025,0.2039,<0.5,3d_optitrack_xzy_cylinder,jetson_orin_nano,Emulated Jetson Orin Nano-class companion computer,2.4359,10.0,100.0,20.0,0.496,3.744,0.312,5.623,15.0,1.5,2.0,144.367,0.0269,1.5,2.4359,0,0,safe,0,,4620,48,40,45
14,1,rrt_star,0.3875,0.0437,<0.5,3d_optitrack_xzy_cylinder,jetson_orin_nano,Emulated Jetson Orin Nano-class companion computer,2.4424,10.0,100.0,20.0,0.445,3.667,0.298,5.596,15.0,1.5,2.0,144.263,0.0048,1.5,2.4424,0,0,safe,0,,4620,48,40,45
14,2,rrt_star,0.75,0.1312,<0.5,3d_optitrack_xzy_cylinder,jetson_orin_nano,Emulated Jetson Orin Nano-class companion computer,2.4469,10.0,100.0,20.0,0.577,3.865,0.314,5.628,15.0,1.5,2.0,144.493,0.0218,1.5,2.4469,0,0,safe,0,,4620,48,40,45
14,3,rrt_star,6.05,0.9284,0.5-1.0,3d_optitrack_xzy_cylinder,jetson_orin_nano,Emulated Jetson Orin Nano-class companion computer,2.2195,10.0,100.0,20.0,0.372,3.558,0.306,5.611,15.0,1.5,2.0,144.17,0.1436,1.5,0.9497,0,0,safe,0,,4620,50,38,45
14,4,rrt_star,6.4125,1.2598,1.0-1.5,3d_optitrack_xzy_cylinder,jetson_orin_nano,Emulated Jetson Orin Nano-class companion computer,1.8741,10.0,100.0,20.0,0.464,3.695,0.295,5.59,15.0,1.5,2.0,144.286,0.1903,1.5,0.9802,0,0,safe,0,,4560,52,38,45
14,5,rrt_star,6.775,1.5483,>=1.5,3d_optitrack_xzy_cylinder,jetson_orin_nano,Emulated Jetson Orin Nano-class companion computer,1.469,10.0,100.0,20.0,0.448,3.671,0.297,5.594,15.0,1.5,2.0,144.265,0.2295,1.5,0.9666,0,0,safe,0,,4560,52,37,45
14,6,rrt_star,7.1375,1.6273,>=1.5,3d_optitrack_xzy_cylinder,jetson_orin_nano,Emulated Jetson Orin Nano-class companion computer,1.0953,10.0,100.0,20.0,0.452,3.678,0.297,5.595,15.0,1.5,2.0,144.273,0.2511,1.5,0.9371,0,0,safe,0,,4440,48,37,45
14,7,rrt_star,7.5,1.7491,>=1.5,3d_optitrack_xzy_cylinder,jetson_orin_nano,Emulated Jetson Orin Nano-class companion computer,0.9299,10.0,100.0,20.0,0.457,3.685,0.315,5.629,15.0,1.5,2.0,144.314,0.2352,1.5,0.9299,0,0,safe,0,,4410,42,37,45
14,0,mppi,0.025,0.2039,<0.5,3d_optitrack_xzy_cylinder,jetson_orin_nano,Emulated Jetson Orin Nano-class companion computer,2.4359,10.0,100.0,20.0,0.427,3.64,13.908,32.816,15.0,1.5,2.0,171.456,0.0325,1.5,2.4359,0,0,safe,0,,4620,48,40,45
14,1,mppi,0.3875,0.0437,<0.5,3d_optitrack_xzy_cylinder,jetson_orin_nano,Emulated Jetson Orin Nano-class companion computer,2.4424,10.0,100.0,20.0,0.395,3.592,23.525,52.05,15.0,1.5,2.0,190.643,0.0074,1.5,2.4424,0,0,safe,0,,4620,48,40,45
14,2,mppi,0.75,0.1312,<0.5,3d_optitrack_xzy_cylinder,jetson_orin_nano,Emulated Jetson Orin Nano-class companion computer,2.4469,10.0,100.0,20.0,0.41,3.615,13.147,31.293,15.0,1.5,2.0,169.908,0.0257,1.5,2.4469,0,0,safe,0,,4620,48,40,45
14,3,mppi,6.05,0.9284,0.5-1.0,3d_optitrack_xzy_cylinder,jetson_orin_nano,Emulated Jetson Orin Nano-class companion computer,2.2195,10.0,100.0,20.0,0.591,3.886,12.192,29.384,15.0,1.5,2.0,168.27,0.1698,1.5,0.9546,0,0,safe,0,,4620,50,38,45
14,4,mppi,6.4125,1.2598,1.0-1.5,3d_optitrack_xzy_cylinder,jetson_orin_nano,Emulated Jetson Orin Nano-class companion computer,1.8741,10.0,100.0,20.0,0.386,3.579,11.492,27.984,15.0,1.5,2.0,166.563,0.2208,1.5,0.9794,0,0,safe,0,,4560,52,38,45
14,5,mppi,6.775,1.5483,>=1.5,3d_optitrack_xzy_cylinder,jetson_orin_nano,Emulated Jetson Orin Nano-class companion computer,1.469,10.0,100.0,20.0,0.411,3.617,11.805,28.61,15.0,1.5,2.0,167.227,0.2671,1.5,0.9648,0,0,safe,0,,4560,52,37,45
14,6,mppi,7.1375,1.6273,>=1.5,3d_optitrack_xzy_cylinder,jetson_orin_nano,Emulated Jetson Orin Nano-class companion computer,1.0953,10.0,100.0,20.0,0.428,3.642,11.78,28.561,15.0,1.5,2.0,167.203,0.2925,1.5,0.9361,0,0,safe,0,,4440,48,37,45
14,7,mppi,7.5,1.7491,>=1.5,3d_optitrack_xzy_cylinder,jetson_orin_nano,Emulated Jetson Orin Nano-class companion computer,0.9299,10.0,100.0,20.0,0.371,3.556,12.287,29.573,15.0,1.5,2.0,168.13,0.2824,1.5,0.9299,0,0,safe,0,,4410,43,37,45
15,0,rrt,0.3125,0.0304,<0.5,3d_optitrack_xzy_cylinder,jetson_orin_nano,Emulated Jetson Orin Nano-class companion computer,2.0389,10.0,100.0,20.0,0.323,3.484,0.289,5.579,15.0,1.5,2.0,144.063,0.0031,1.5,2.0049,0,0,safe,0,,4500,48,30,45
15,1,rrt,0.6875,0.2372,<0.5,3d_optitrack_xzy_cylinder,jetson_orin_nano,Emulated Jetson Orin Nano-class companion computer,2.0307,10.0,100.0,20.0,0.273,3.409,0.3,5.601,15.0,1.5,2.0,144.01,0.0484,1.5,2.0184,0,0,safe,0,,4380,48,29,45
15,2,rrt,1.05,0.4743,<0.5,3d_optitrack_xzy_cylinder,jetson_orin_nano,Emulated Jetson Orin Nano-class companion computer,2.0022,10.0,100.0,20.0,0.371,3.556,0.331,5.662,15.0,1.5,2.0,144.218,0.0559,1.5,1.9959,0,0,safe,0,,4560,48,30,45
15,3,rrt,1.425,0.1853,<0.5,3d_optitrack_xzy_cylinder,jetson_orin_nano,Emulated Jetson Orin Nano-class companion computer,1.9925,10.0,100.0,20.0,0.28,3.42,0.305,5.61,15.0,1.5,2.0,144.031,0.0301,1.5,1.9925,0,0,safe,0,,4500,48,30,45
15,4,rrt,1.775,0.2241,<0.5,3d_optitrack_xzy_cylinder,jetson_orin_nano,Emulated Jetson Orin Nano-class companion computer,1.9985,10.0,100.0,20.0,0.267,3.401,0.285,5.569,15.0,1.5,2.0,143.97,0.0329,1.5,1.9985,0,0,safe,0,,4560,49,30,45
15,5,rrt,2.1375,0.3197,<0.5,3d_optitrack_xzy_cylinder,jetson_orin_nano,Emulated Jetson Orin Nano-class companion computer,2.0153,10.0,100.0,20.0,0.307,3.46,0.293,5.586,15.0,1.5,2.0,144.046,0.0469,1.5,2.0153,0,0,safe,0,,4620,49,30,45
15,6,rrt,2.5,0.2761,<0.5,3d_optitrack_xzy_cylinder,jetson_orin_nano,Emulated Jetson Orin Nano-class companion computer,2.0454,10.0,100.0,20.0,0.255,3.383,0.285,5.57,15.0,1.5,2.0,143.953,0.0387,1.5,2.0454,0,0,safe,0,,4380,48,29,45
15,7,rrt,2.85,0.2352,<0.5,3d_optitrack_xzy_cylinder,jetson_orin_nano,Emulated Jetson Orin Nano-class companion computer,2.0848,10.0,100.0,20.0,0.25,3.374,0.288,5.575,15.0,1.5,2.0,143.95,0.0324,1.5,1.9965,0,0,safe,0,,4500,48,29,45
15,0,rrt_star,0.3125,0.0304,<0.5,3d_optitrack_xzy_cylinder,jetson_orin_nano,Emulated Jetson Orin Nano-class companion computer,2.0389,10.0,100.0,20.0,0.262,3.393,0.285,5.571,15.0,1.5,2.0,143.964,0.0031,1.5,2.0049,0,0,safe,0,,4500,48,30,45
15,1,rrt_star,0.6875,0.2372,<0.5,3d_optitrack_xzy_cylinder,jetson_orin_nano,Emulated Jetson Orin Nano-class companion computer,2.0307,10.0,100.0,20.0,0.256,3.384,0.303,5.606,15.0,1.5,2.0,143.99,0.0483,1.5,2.0184,0,0,safe,0,,4380,48,29,45
15,2,rrt_star,1.05,0.4743,<0.5,3d_optitrack_xzy_cylinder,jetson_orin_nano,Emulated Jetson Orin Nano-class companion computer,2.0022,10.0,100.0,20.0,0.26,3.389,0.285,5.57,15.0,1.5,2.0,143.96,0.0559,1.5,1.9959,0,0,safe,0,,4560,48,30,45
15,3,rrt_star,1.425,0.1853,<0.5,3d_optitrack_xzy_cylinder,jetson_orin_nano,Emulated Jetson Orin Nano-class companion computer,1.9925,10.0,100.0,20.0,0.272,3.408,0.304,5.609,15.0,1.5,2.0,144.016,0.0301,1.5,1.9925,0,0,safe,0,,4500,48,30,45
15,4,rrt_star,1.775,0.2241,<0.5,3d_optitrack_xzy_cylinder,jetson_orin_nano,Emulated Jetson Orin Nano-class companion computer,1.9985,10.0,100.0,20.0,0.352,3.529,0.308,5.616,15.0,1.5,2.0,144.144,0.0329,1.5,1.9985,0,0,safe,0,,4560,49,30,45
15,5,rrt_star,2.1375,0.3197,<0.5,3d_optitrack_xzy_cylinder,jetson_orin_nano,Emulated Jetson Orin Nano-class companion computer,2.0153,10.0,100.0,20.0,0.409,3.613,0.323,5.646,15.0,1.5,2.0,144.259,0.0469,1.5,2.0153,0,0,safe,0,,4620,49,30,45
15,6,rrt_star,2.5,0.2761,<0.5,3d_optitrack_xzy_cylinder,jetson_orin_nano,Emulated Jetson Orin Nano-class companion computer,2.0454,10.0,100.0,20.0,0.401,3.602,0.357,5.715,15.0,1.5,2.0,144.317,0.0388,1.5,2.0454,0,0,safe,0,,4380,48,29,45
15,7,rrt_star,2.85,0.2352,<0.5,3d_optitrack_xzy_cylinder,jetson_orin_nano,Emulated Jetson Orin Nano-class companion computer,2.0848,10.0,100.0,20.0,0.264,3.397,0.285,5.57,15.0,1.5,2.0,143.966,0.0324,1.5,1.9965,0,0,safe,0,,4500,48,29,45
15,0,mppi,0.3125,0.0304,<0.5,3d_optitrack_xzy_cylinder,jetson_orin_nano,Emulated Jetson Orin Nano-class companion computer,2.0389,10.0,100.0,20.0,0.254,3.382,11.344,27.689,15.0,1.5,2.0,166.07,0.0057,1.5,2.0058,0,0,safe,0,,4500,48,30,45
15,1,mppi,0.6875,0.2372,<0.5,3d_optitrack_xzy_cylinder,jetson_orin_nano,Emulated Jetson Orin Nano-class companion computer,2.0307,10.0,100.0,20.0,0.242,3.363,11.234,27.468,15.0,1.5,2.0,165.831,0.0552,1.5,2.0171,0,0,safe,0,,4380,48,29,45
15,2,mppi,1.05,0.4743,<0.5,3d_optitrack_xzy_cylinder,jetson_orin_nano,Emulated Jetson Orin Nano-class companion computer,2.0022,10.0,100.0,20.0,0.252,3.379,11.234,27.467,15.0,1.5,2.0,165.846,0.06,1.5,1.9951,0,0,safe,0,,4620,48,30,45
15,3,mppi,1.425,0.1853,<0.5,3d_optitrack_xzy_cylinder,jetson_orin_nano,Emulated Jetson Orin Nano-class companion computer,1.9925,10.0,100.0,20.0,0.259,3.389,11.252,27.503,15.0,1.5,2.0,165.892,0.0345,1.5,1.9925,0,0,safe,0,,4440,48,30,45
15,4,mppi,1.775,0.2241,<0.5,3d_optitrack_xzy_cylinder,jetson_orin_nano,Emulated Jetson Orin Nano-class companion computer,1.9985,10.0,100.0,20.0,0.283,3.425,11.146,27.292,15.0,1.5,2.0,165.717,0.0377,1.5,1.9985,0,0,safe,0,,4560,49,30,45
15,5,mppi,2.1375,0.3197,<0.5,3d_optitrack_xzy_cylinder,jetson_orin_nano,Emulated Jetson Orin Nano-class companion computer,2.0153,10.0,100.0,20.0,0.258,3.387,11.127,27.254,15.0,1.5,2.0,165.64,0.0535,1.5,2.0153,0,0,safe,0,,4620,49,30,45
15,6,mppi,2.5,0.2761,<0.5,3d_optitrack_xzy_cylinder,jetson_orin_nano,Emulated Jetson Orin Nano-class companion computer,2.0454,10.0,100.0,20.0,0.239,3.359,11.243,27.485,15.0,1.5,2.0,165.845,0.0444,1.5,2.0454,0,0,safe,0,,4440,48,29,45
15,7,mppi,2.85,0.2352,<0.5,3d_optitrack_xzy_cylinder,jetson_orin_nano,Emulated Jetson Orin Nano-class companion computer,2.0848,10.0,100.0,20.0,0.246,3.369,11.211,27.423,15.0,1.5,2.0,165.792,0.0367,1.5,1.9881,0,0,safe,0,,4500,48,29,45
345,0,rrt,4.9125,1.0582,1.0-1.5,3d_optitrack_xzy_cylinder,jetson_orin_nano,Emulated Jetson Orin Nano-class companion computer,1.198,10.0,100.0,20.0,0.921,4.381,0.292,5.584,15.0,1.5,2.0,144.965,0.1638,1.5,1.1032,0,0,safe,0,,9372,46,57,47
345,1,rrt,5.2625,1.2097,1.0-1.5,3d_optitrack_xzy_cylinder,jetson_orin_nano,Emulated Jetson Orin Nano-class companion computer,1.1066,10.0,100.0,20.0,0.853,4.28,0.288,5.576,15.0,1.5,2.0,144.856,0.1839,1.5,1.1066,0,0,safe,0,,9232,44,56,47
345,2,rrt,5.6125,1.238,1.0-1.5,3d_optitrack_xzy_cylinder,jetson_orin_nano,Emulated Jetson Orin Nano-class companion computer,1.181,10.0,100.0,20.0,0.777,4.166,0.286,5.572,15.0,1.5,2.0,144.737,0.1766,1.5,1.181,0,0,safe,0,,9232,46,56,47
345,3,rrt,5.975,1.0711,1.0-1.5,3d_optitrack_xzy_cylinder,jetson_orin_nano,Emulated Jetson Orin Nano-class companion computer,1.3683,10.0,100.0,20.0,0.794,4.191,0.286,5.572,15.0,1.5,2.0,144.762,0.1519,1.5,1.3683,0,0,safe,0,,9232,48,55,47
345,4,rrt,8.325,1.5397,>=1.5,3d_optitrack_xzy_cylinder,jetson_orin_nano,Emulated Jetson Orin Nano-class companion computer,1.2628,10.0,100.0,20.0,1.116,4.673,0.287,5.575,15.0,1.5,2.0,145.248,0.2678,1.5,0.9137,0,0,safe,0,,9480,60,58,47
345,5,rrt,8.6875,1.2808,1.0-1.5,3d_optitrack_xzy_cylinder,jetson_orin_nano,Emulated Jetson Orin Nano-class companion computer,0.9689,10.0,100.0,20.0,1.109,4.663,0.289,5.578,15.0,1.5,2.0,145.242,0.0,1.5,0.9225,0,0,safe,0,,9548,60,60,47
345,6,rrt,9.15,0.0,<0.5,3d_optitrack_xzy_cylinder,jetson_orin_nano,Emulated Jetson Orin Nano-class companion computer,0.9689,10.0,100.0,20.0,1.122,4.683,0.287,5.575,15.0,1.5,2.0,145.257,0.0,1.5,0.9134,0,0,safe,0,,9548,60,61,47
345,7,rrt,9.6,6.7905,>=1.5,3d_optitrack_xzy_cylinder,jetson_orin_nano,Emulated Jetson Orin Nano-class companion computer,0.9689,10.0,100.0,20.0,1.189,4.783,0.286,5.571,15.0,1.5,2.0,145.355,1.6976,1.5,0.9689,0,0,safe,0,,9420,59,61,47
345,0,rrt_star,4.9125,1.0582,1.0-1.5,3d_optitrack_xzy_cylinder,jetson_orin_nano,Emulated Jetson Orin Nano-class companion computer,1.198,10.0,100.0,20.0,0.846,4.269,0.287,5.574,15.0,1.5,2.0,144.843,0.1636,1.5,1.1032,0,0,safe,0,,9372,46,57,47
345,1,rrt_star,5.2625,1.2097,1.0-1.5,3d_optitrack_xzy_cylinder,jetson_orin_nano,Emulated Jetson Orin Nano-class companion computer,1.1066,10.0,100.0,20.0,0.72,4.079,0.288,5.576,15.0,1.5,2.0,144.655,0.1837,1.5,1.1066,0,0,safe,0,,9232,44,56,47
345,2,rrt_star,5.6125,1.238,1.0-1.5,3d_optitrack_xzy_cylinder,jetson_orin_nano,Emulated Jetson Orin Nano-class companion computer,1.181,10.0,100.0,20.0,0.814,4.221,0.285,5.569,15.0,1.5,2.0,144.79,0.1766,1.5,1.181,0,0,safe,0,,9232,46,56,47
345,3,rrt_star,5.975,1.0711,1.0-1.5,3d_optitrack_xzy_cylinder,jetson_orin_nano,Emulated Jetson Orin Nano-class companion computer,1.3683,10.0,100.0,20.0,0.822,4.234,0.288,5.577,15.0,1.5,2.0,144.81,0.1519,1.5,1.3683,0,0,safe,0,,9232,48,55,47
345,4,rrt_star,8.325,1.5397,>=1.5,3d_optitrack_xzy_cylinder,jetson_orin_nano,Emulated Jetson Orin Nano-class companion computer,1.2628,10.0,100.0,20.0,1.116,4.674,0.286,5.572,15.0,1.5,2.0,145.246,0.2678,1.5,0.9137,0,0,safe,0,,9480,60,58,47
345,5,rrt_star,8.6875,1.2808,1.0-1.5,3d_optitrack_xzy_cylinder,jetson_orin_nano,Emulated Jetson Orin Nano-class companion computer,0.9689,10.0,100.0,20.0,1.169,4.753,0.287,5.575,15.0,1.5,2.0,145.328,0.0,1.5,0.9225,0,0,safe,0,,9548,60,60,47
345,6,rrt_star,9.15,0.0,<0.5,3d_optitrack_xzy_cylinder,jetson_orin_nano,Emulated Jetson Orin Nano-class companion computer,0.9689,10.0,100.0,20.0,1.12,4.68,0.289,5.577,15.0,1.5,2.0,145.257,0.0,1.5,0.9134,0,0,safe,0,,9548,60,61,47
345,7,rrt_star,9.6,6.7905,>=1.5,3d_optitrack_xzy_cylinder,jetson_orin_nano,Emulated Jetson Orin Nano-class companion computer,0.9689,10.0,100.0,20.0,1.122,4.682,0.29,5.581,15.0,1.5,2.0,145.263,1.6976,1.5,0.9689,0,0,safe,0,,9420,59,61,47
345,0,mppi,4.9125,1.0582,1.0-1.5,3d_optitrack_xzy_cylinder,jetson_orin_nano,Emulated Jetson Orin Nano-class companion computer,1.198,10.0,100.0,20.0,0.852,4.278,21.437,47.874,15.0,1.5,2.0,187.151,0.2094,1.5,1.1007,0,0,safe,0,,9372,46,57,47
345,1,mppi,5.2625,1.2097,1.0-1.5,3d_optitrack_xzy_cylinder,jetson_orin_nano,Emulated Jetson Orin Nano-class companion computer,1.1066,10.0,100.0,20.0,0.868,4.301,20.824,46.647,15.0,1.5,2.0,185.948,0.236,1.5,1.1066,0,0,safe,0,,9232,44,56,47
345,2,mppi,5.6125,1.238,1.0-1.5,3d_optitrack_xzy_cylinder,jetson_orin_nano,Emulated Jetson Orin Nano-class companion computer,1.181,10.0,100.0,20.0,0.861,4.291,20.523,46.046,15.0,1.5,2.0,185.337,0.2261,1.5,1.181,0,0,safe,0,,9232,46,56,47
345,3,mppi,5.975,1.0711,1.0-1.5,3d_optitrack_xzy_cylinder,jetson_orin_nano,Emulated Jetson Orin Nano-class companion computer,1.3683,10.0,100.0,20.0,0.888,4.332,20.668,46.336,15.0,1.5,2.0,185.669,0.188,1.5,1.3683,0,0,safe,0,,9232,48,55,47
345,4,mppi,8.325,1.5397,>=1.5,3d_optitrack_xzy_cylinder,jetson_orin_nano,Emulated Jetson Orin Nano-class companion computer,1.2628,10.0,100.0,20.0,1.105,4.658,21.364,47.727,15.0,1.5,2.0,187.385,0.3574,1.5,0.9167,0,0,safe,0,,9514,60,58,47
345,5,mppi,8.6875,1.2808,1.0-1.5,3d_optitrack_xzy_cylinder,jetson_orin_nano,Emulated Jetson Orin Nano-class companion computer,0.9689,10.0,100.0,20.0,1.249,4.874,21.185,47.37,15.0,1.5,2.0,187.245,0.0,1.5,0.9216,0,0,safe,0,,9420,60,60,47
345,6,mppi,9.15,0.0,<0.5,3d_optitrack_xzy_cylinder,jetson_orin_nano,Emulated Jetson Orin Nano-class companion computer,0.9689,10.0,100.0,20.0,1.191,4.786,21.037,47.073,15.0,1.5,2.0,186.86,0.0,1.5,0.913,0,0,safe,0,,9548,60,61,47
345,7,mppi,9.6,6.7905,>=1.5,3d_optitrack_xzy_cylinder,jetson_orin_nano,Emulated Jetson Orin Nano-class companion computer,0.9689,10.0,100.0,20.0,1.167,4.751,20.916,46.832,15.0,1.5,2.0,186.582,1.932,1.5,0.9689,0,0,safe,0,,9420,60,61,47
