frontend,source,algorithm,sensor_period_ms,frontend_to_occupancy_ms,mppi_compute_ms,control_publish_ms,uav_speed_mps,total_delay_ms,distance_during_delay_m,latency_buffer_to_safety_breach_m,latency_buffer_to_body_contact_m,min_body_clearance_m,min_safety_margin_m,collision,safety_violation,occupied_cells,grid_shape,note,case_id,mppi_seed,status
ideal_occupancy_esdf,synthetic_gt,ground-truth occupancy -> ESDF distance transform,100.0,6.146,53.078,10.0,1.0,169.224,0.1692,1.2529,1.6335,0.3668,0.1168,0,0,3084,3D 43680 voxels,upper-bound map frontend; no raw sensor processing,0,800,safe
ideal_occupancy_esdf,synthetic_gt,ground-truth occupancy -> ESDF distance transform,100.0,6.146,43.902,10.0,1.0,160.049,0.16,1.2621,1.6427,0.3783,0.1283,0,0,3084,3D 43680 voxels,upper-bound map frontend; no raw sensor processing,1,801,safe
ideal_occupancy_esdf,synthetic_gt,ground-truth occupancy -> ESDF distance transform,100.0,6.146,46.657,10.0,1.0,162.804,0.1628,1.2594,1.6399,0.3761,0.1261,0,0,3084,3D 43680 voxels,upper-bound map frontend; no raw sensor processing,2,802,safe
ideal_occupancy_esdf,synthetic_gt,ground-truth occupancy -> ESDF distance transform,100.0,6.146,37.042,10.0,1.0,153.188,0.1532,1.269,1.6496,0.3806,0.1306,0,0,3084,3D 43680 voxels,upper-bound map frontend; no raw sensor processing,3,803,safe
ideal_occupancy_esdf,synthetic_gt,ground-truth occupancy -> ESDF distance transform,100.0,6.146,34.033,10.0,1.0,150.179,0.1502,1.272,1.6526,0.3857,0.1357,0,0,3084,3D 43680 voxels,upper-bound map frontend; no raw sensor processing,4,804,safe
ideal_occupancy_esdf,synthetic_gt,ground-truth occupancy -> ESDF distance transform,100.0,6.146,49.807,10.0,1.0,165.954,0.166,1.2562,1.6368,0.385,0.135,0,0,3084,3D 43680 voxels,upper-bound map frontend; no raw sensor processing,5,805,safe
ideal_occupancy_esdf,synthetic_gt,ground-truth occupancy -> ESDF distance transform,100.0,6.146,42.758,10.0,1.0,158.905,0.1589,1.2633,1.6438,0.385,0.135,0,0,3084,3D 43680 voxels,upper-bound map frontend; no raw sensor processing,6,806,safe
ideal_occupancy_esdf,synthetic_gt,ground-truth occupancy -> ESDF distance transform,100.0,6.146,37.229,10.0,1.0,153.375,0.1534,1.2688,1.6494,0.3857,0.1357,0,0,3084,3D 43680 voxels,upper-bound map frontend; no raw sensor processing,7,807,safe
ideal_occupancy_esdf,synthetic_gt,ground-truth occupancy -> ESDF distance transform,100.0,6.146,94.797,10.0,2.0,210.943,0.4219,1.0003,1.3809,0.2519,0.0019,0,0,3084,3D 43680 voxels,upper-bound map frontend; no raw sensor processing,0,900,safe
ideal_occupancy_esdf,synthetic_gt,ground-truth occupancy -> ESDF distance transform,100.0,6.146,99.632,10.0,2.0,215.778,0.4316,0.9906,1.3712,0.2624,0.0124,0,0,3084,3D 43680 voxels,upper-bound map frontend; no raw sensor processing,1,901,safe
ideal_occupancy_esdf,synthetic_gt,ground-truth occupancy -> ESDF distance transform,100.0,6.146,112.565,10.0,2.0,228.711,0.4574,0.9647,1.3453,0.257,0.007,0,0,3084,3D 43680 voxels,upper-bound map frontend; no raw sensor processing,2,902,safe
ideal_occupancy_esdf,synthetic_gt,ground-truth occupancy -> ESDF distance transform,100.0,6.146,153.99,10.0,2.0,270.137,0.5403,0.8819,1.2625,0.4743,0.2243,0,0,3084,3D 43680 voxels,upper-bound map frontend; no raw sensor processing,3,903,safe
ideal_occupancy_esdf,synthetic_gt,ground-truth occupancy -> ESDF distance transform,100.0,6.146,105.888,10.0,2.0,222.034,0.4441,0.9781,1.3587,0.2538,0.0038,0,0,3084,3D 43680 voxels,upper-bound map frontend; no raw sensor processing,4,904,safe
ideal_occupancy_esdf,synthetic_gt,ground-truth occupancy -> ESDF distance transform,100.0,6.146,91.657,10.0,2.0,207.804,0.4156,1.0066,1.3871,0.2633,0.0133,0,0,3084,3D 43680 voxels,upper-bound map frontend; no raw sensor processing,5,905,safe
ideal_occupancy_esdf,synthetic_gt,ground-truth occupancy -> ESDF distance transform,100.0,6.146,89.402,10.0,2.0,205.549,0.4111,1.0111,1.3917,0.266,0.016,0,0,3084,3D 43680 voxels,upper-bound map frontend; no raw sensor processing,6,906,safe
ideal_occupancy_esdf,synthetic_gt,ground-truth occupancy -> ESDF distance transform,100.0,6.146,111.006,10.0,2.0,227.152,0.4543,0.9679,1.3484,0.2683,0.0183,0,0,3084,3D 43680 voxels,upper-bound map frontend; no raw sensor processing,7,907,safe
ideal_occupancy_esdf,synthetic_gt,ground-truth occupancy -> ESDF distance transform,100.0,6.146,207.347,10.0,3.0,323.494,0.9705,0.4517,0.8323,0.5291,0.2791,0,0,3084,3D 43680 voxels,upper-bound map frontend; no raw sensor processing,0,1000,safe
ideal_occupancy_esdf,synthetic_gt,ground-truth occupancy -> ESDF distance transform,100.0,6.146,298.859,10.0,3.0,415.006,1.245,0.1772,0.5577,0.3822,0.1322,0,0,3084,3D 43680 voxels,upper-bound map frontend; no raw sensor processing,1,1001,safe
ideal_occupancy_esdf,synthetic_gt,ground-truth occupancy -> ESDF distance transform,100.0,6.146,229.623,10.0,3.0,345.769,1.0373,0.3849,0.7654,0.5106,0.2606,0,0,3084,3D 43680 voxels,upper-bound map frontend; no raw sensor processing,2,1002,safe
ideal_occupancy_esdf,synthetic_gt,ground-truth occupancy -> ESDF distance transform,100.0,6.146,194.769,10.0,3.0,310.916,0.9327,0.4894,0.87,0.5241,0.2741,0,0,3084,3D 43680 voxels,upper-bound map frontend; no raw sensor processing,3,1003,safe
ideal_occupancy_esdf,synthetic_gt,ground-truth occupancy -> ESDF distance transform,100.0,6.146,203.24,10.0,3.0,319.387,0.9582,0.464,0.8446,0.5247,0.2747,0,0,3084,3D 43680 voxels,upper-bound map frontend; no raw sensor processing,4,1004,safe
ideal_occupancy_esdf,synthetic_gt,ground-truth occupancy -> ESDF distance transform,100.0,6.146,393.775,10.0,3.0,509.921,1.5298,-0.1076,0.273,0.1784,-0.0716,0,1,3084,3D 43680 voxels,upper-bound map frontend; no raw sensor processing,5,1005,violation
ideal_occupancy_esdf,synthetic_gt,ground-truth occupancy -> ESDF distance transform,100.0,6.146,304.295,10.0,3.0,420.442,1.2613,0.1608,0.5414,0.3684,0.1184,0,0,3084,3D 43680 voxels,upper-bound map frontend; no raw sensor processing,6,1006,safe
ideal_occupancy_esdf,synthetic_gt,ground-truth occupancy -> ESDF distance transform,100.0,6.146,236.634,10.0,3.0,352.781,1.0583,0.3638,0.7444,0.4761,0.2261,0,0,3084,3D 43680 voxels,upper-bound map frontend; no raw sensor processing,7,1007,safe
ideal_occupancy_esdf,synthetic_gt,ground-truth occupancy -> ESDF distance transform,100.0,6.146,231.14,10.0,4.0,347.287,1.3891,0.033,0.4136,0.242,-0.008,0,1,3084,3D 43680 voxels,upper-bound map frontend; no raw sensor processing,0,1100,violation
ideal_occupancy_esdf,synthetic_gt,ground-truth occupancy -> ESDF distance transform,100.0,6.146,249.553,10.0,4.0,365.699,1.4628,-0.0406,0.34,-0.037,-0.287,1,1,3084,3D 43680 voxels,upper-bound map frontend; no raw sensor processing,1,1101,collision
ideal_occupancy_esdf,synthetic_gt,ground-truth occupancy -> ESDF distance transform,100.0,6.146,463.658,10.0,4.0,579.804,2.3192,-0.897,-0.5165,-0.2946,-0.5446,1,1,3084,3D 43680 voxels,upper-bound map frontend; no raw sensor processing,2,1102,collision
ideal_occupancy_esdf,synthetic_gt,ground-truth occupancy -> ESDF distance transform,100.0,6.146,229.657,10.0,4.0,345.803,1.3832,0.039,0.4195,0.2752,0.0252,0,0,3084,3D 43680 voxels,upper-bound map frontend; no raw sensor processing,3,1103,safe
ideal_occupancy_esdf,synthetic_gt,ground-truth occupancy -> ESDF distance transform,100.0,6.146,235.484,10.0,4.0,351.631,1.4065,0.0156,0.3962,0.2576,0.0076,0,0,3084,3D 43680 voxels,upper-bound map frontend; no raw sensor processing,4,1104,safe
ideal_occupancy_esdf,synthetic_gt,ground-truth occupancy -> ESDF distance transform,100.0,6.146,208.851,10.0,4.0,324.997,1.3,0.1222,0.5028,0.3379,0.0879,0,0,3084,3D 43680 voxels,upper-bound map frontend; no raw sensor processing,5,1105,safe
ideal_occupancy_esdf,synthetic_gt,ground-truth occupancy -> ESDF distance transform,100.0,6.146,191.538,10.0,4.0,307.684,1.2307,0.1914,0.572,0.3943,0.1443,0,0,3084,3D 43680 voxels,upper-bound map frontend; no raw sensor processing,6,1106,safe
ideal_occupancy_esdf,synthetic_gt,ground-truth occupancy -> ESDF distance transform,100.0,6.146,214.458,10.0,4.0,330.604,1.3224,0.0998,0.4803,0.321,0.071,0,0,3084,3D 43680 voxels,upper-bound map frontend; no raw sensor processing,7,1107,safe
ideal_occupancy_esdf,synthetic_gt,ground-truth occupancy -> ESDF distance transform,100.0,6.146,217.155,10.0,5.0,333.301,1.6665,-0.2443,0.1362,0.0694,-0.1806,0,1,3084,3D 43680 voxels,upper-bound map frontend; no raw sensor processing,0,1200,violation
ideal_occupancy_esdf,synthetic_gt,ground-truth occupancy -> ESDF distance transform,100.0,6.146,197.235,10.0,5.0,313.382,1.5669,-0.1447,0.2358,0.1553,-0.0947,0,1,3084,3D 43680 voxels,upper-bound map frontend; no raw sensor processing,1,1201,violation
ideal_occupancy_esdf,synthetic_gt,ground-truth occupancy -> ESDF distance transform,100.0,6.146,215.719,10.0,5.0,331.865,1.6593,-0.2372,0.1434,0.0425,-0.2075,0,1,3084,3D 43680 voxels,upper-bound map frontend; no raw sensor processing,2,1202,violation
ideal_occupancy_esdf,synthetic_gt,ground-truth occupancy -> ESDF distance transform,100.0,6.146,205.747,10.0,5.0,321.893,1.6095,-0.1873,0.1933,0.1232,-0.1268,0,1,3084,3D 43680 voxels,upper-bound map frontend; no raw sensor processing,3,1203,violation
ideal_occupancy_esdf,synthetic_gt,ground-truth occupancy -> ESDF distance transform,100.0,6.146,196.609,10.0,5.0,312.755,1.5638,-0.1416,0.239,0.1572,-0.0928,0,1,3084,3D 43680 voxels,upper-bound map frontend; no raw sensor processing,4,1204,violation
ideal_occupancy_esdf,synthetic_gt,ground-truth occupancy -> ESDF distance transform,100.0,6.146,193.337,10.0,5.0,309.483,1.5474,-0.1252,0.2553,0.1674,-0.0826,0,1,3084,3D 43680 voxels,upper-bound map frontend; no raw sensor processing,5,1205,violation
ideal_occupancy_esdf,synthetic_gt,ground-truth occupancy -> ESDF distance transform,100.0,6.146,188.066,10.0,5.0,304.213,1.5211,-0.0989,0.2817,0.1792,-0.0708,0,1,3084,3D 43680 voxels,upper-bound map frontend; no raw sensor processing,6,1206,violation
ideal_occupancy_esdf,synthetic_gt,ground-truth occupancy -> ESDF distance transform,100.0,6.146,185.022,10.0,5.0,301.168,1.5058,-0.0837,0.2969,0.1933,-0.0567,0,1,3084,3D 43680 voxels,upper-bound map frontend; no raw sensor processing,7,1207,violation
ideal_occupancy_esdf,synthetic_gt,ground-truth occupancy -> ESDF distance transform,100.0,6.146,190.63,10.0,6.0,306.777,1.8407,-0.4185,-0.0379,-0.1074,-0.3574,1,1,3084,3D 43680 voxels,upper-bound map frontend; no raw sensor processing,0,1300,collision
ideal_occupancy_esdf,synthetic_gt,ground-truth occupancy -> ESDF distance transform,100.0,6.146,188.344,10.0,6.0,304.49,1.8269,-0.4048,-0.0242,-0.0165,-0.2665,1,1,3084,3D 43680 voxels,upper-bound map frontend; no raw sensor processing,1,1301,collision
ideal_occupancy_esdf,synthetic_gt,ground-truth occupancy -> ESDF distance transform,100.0,6.146,183.496,10.0,6.0,299.642,1.7979,-0.3757,0.0049,-0.052,-0.302,1,1,3084,3D 43680 voxels,upper-bound map frontend; no raw sensor processing,2,1302,collision
ideal_occupancy_esdf,synthetic_gt,ground-truth occupancy -> ESDF distance transform,100.0,6.146,183.472,10.0,6.0,299.619,1.7977,-0.3755,0.005,-0.0024,-0.2524,1,1,3084,3D 43680 voxels,upper-bound map frontend; no raw sensor processing,3,1303,collision
ideal_occupancy_esdf,synthetic_gt,ground-truth occupancy -> ESDF distance transform,100.0,6.146,199.096,10.0,6.0,315.242,1.8915,-0.4693,-0.0887,-0.0682,-0.3182,1,1,3084,3D 43680 voxels,upper-bound map frontend; no raw sensor processing,4,1304,collision
ideal_occupancy_esdf,synthetic_gt,ground-truth occupancy -> ESDF distance transform,100.0,6.146,198.424,10.0,6.0,314.571,1.8874,-0.4653,-0.0847,-0.0612,-0.3112,1,1,3084,3D 43680 voxels,upper-bound map frontend; no raw sensor processing,5,1305,collision
ideal_occupancy_esdf,synthetic_gt,ground-truth occupancy -> ESDF distance transform,100.0,6.146,249.394,10.0,6.0,365.541,2.1932,-0.7711,-0.3905,-0.2834,-0.5334,1,1,3084,3D 43680 voxels,upper-bound map frontend; no raw sensor processing,6,1306,collision
ideal_occupancy_esdf,synthetic_gt,ground-truth occupancy -> ESDF distance transform,100.0,6.146,186.192,10.0,6.0,302.338,1.814,-0.3919,-0.0113,-0.0191,-0.2691,1,1,3084,3D 43680 voxels,upper-bound map frontend; no raw sensor processing,7,1307,collision
oda_cached_depth_to_grid,ODA RGB cached depth,relative depth image -> 2D occupancy projection,200.0,2.72,40.196,10.0,1.0,252.916,0.2529,1.1693,1.5498,0.3486,0.0986,0,0,139,80x80,postprocess only; depth prediction already cached,0,10800,safe
oda_cached_depth_to_grid,ODA RGB cached depth,relative depth image -> 2D occupancy projection,200.0,2.72,45.203,10.0,1.0,257.923,0.2579,1.1642,1.5448,0.3492,0.0992,0,0,139,80x80,postprocess only; depth prediction already cached,1,10801,safe
oda_cached_depth_to_grid,ODA RGB cached depth,relative depth image -> 2D occupancy projection,200.0,2.72,35.87,10.0,1.0,248.59,0.2486,1.1736,1.5542,0.3299,0.0799,0,0,139,80x80,postprocess only; depth prediction already cached,2,10802,safe
oda_cached_depth_to_grid,ODA RGB cached depth,relative depth image -> 2D occupancy projection,200.0,2.72,35.661,10.0,1.0,248.381,0.2484,1.1738,1.5544,0.3487,0.0987,0,0,139,80x80,postprocess only; depth prediction already cached,3,10803,safe
oda_cached_depth_to_grid,ODA RGB cached depth,relative depth image -> 2D occupancy projection,200.0,2.72,33.812,10.0,1.0,246.532,0.2465,1.1756,1.5562,0.3496,0.0996,0,0,139,80x80,postprocess only; depth prediction already cached,4,10804,safe
oda_cached_depth_to_grid,ODA RGB cached depth,relative depth image -> 2D occupancy projection,200.0,2.72,33.853,10.0,1.0,246.573,0.2466,1.1756,1.5562,0.3493,0.0993,0,0,139,80x80,postprocess only; depth prediction already cached,5,10805,safe
oda_cached_depth_to_grid,ODA RGB cached depth,relative depth image -> 2D occupancy projection,200.0,2.72,33.611,10.0,1.0,246.331,0.2463,1.1758,1.5564,0.3494,0.0994,0,0,139,80x80,postprocess only; depth prediction already cached,6,10806,safe
oda_cached_depth_to_grid,ODA RGB cached depth,relative depth image -> 2D occupancy projection,200.0,2.72,34.002,10.0,1.0,246.722,0.2467,1.1754,1.556,0.3494,0.0994,0,0,139,80x80,postprocess only; depth prediction already cached,7,10807,safe
oda_cached_depth_to_grid,ODA RGB cached depth,relative depth image -> 2D occupancy projection,200.0,2.72,87.415,10.0,2.0,300.135,0.6003,0.8219,1.2025,0.4938,0.2438,0,0,139,80x80,postprocess only; depth prediction already cached,0,10900,safe
oda_cached_depth_to_grid,ODA RGB cached depth,relative depth image -> 2D occupancy projection,200.0,2.72,88.317,10.0,2.0,301.037,0.6021,0.8201,1.2007,0.4937,0.2437,0,0,139,80x80,postprocess only; depth prediction already cached,1,10901,safe
oda_cached_depth_to_grid,ODA RGB cached depth,relative depth image -> 2D occupancy projection,200.0,2.72,89.324,10.0,2.0,302.044,0.6041,0.8181,1.1987,0.4938,0.2438,0,0,139,80x80,postprocess only; depth prediction already cached,2,10902,safe
oda_cached_depth_to_grid,ODA RGB cached depth,relative depth image -> 2D occupancy projection,200.0,2.72,96.886,10.0,2.0,309.606,0.6192,0.803,1.1835,0.4947,0.2447,0,0,139,80x80,postprocess only; depth prediction already cached,3,10903,safe
oda_cached_depth_to_grid,ODA RGB cached depth,relative depth image -> 2D occupancy projection,200.0,2.72,118.501,10.0,2.0,331.221,0.6624,0.7597,1.1403,0.4974,0.2474,0,0,139,80x80,postprocess only; depth prediction already cached,4,10904,safe
oda_cached_depth_to_grid,ODA RGB cached depth,relative depth image -> 2D occupancy projection,200.0,2.72,91.482,10.0,2.0,304.202,0.6084,0.8138,1.1943,0.4949,0.2449,0,0,139,80x80,postprocess only; depth prediction already cached,5,10905,safe
oda_cached_depth_to_grid,ODA RGB cached depth,relative depth image -> 2D occupancy projection,200.0,2.72,92.866,10.0,2.0,305.586,0.6112,0.811,1.1916,0.4937,0.2437,0,0,139,80x80,postprocess only; depth prediction already cached,6,10906,safe
oda_cached_depth_to_grid,ODA RGB cached depth,relative depth image -> 2D occupancy projection,200.0,2.72,90.097,10.0,2.0,302.817,0.6056,0.8165,1.1971,0.4946,0.2446,0,0,139,80x80,postprocess only; depth prediction already cached,7,10907,safe
oda_cached_depth_to_grid,ODA RGB cached depth,relative depth image -> 2D occupancy projection,200.0,2.72,186.907,10.0,3.0,399.626,1.1989,0.2233,0.6039,0.4027,0.1527,0,0,139,80x80,postprocess only; depth prediction already cached,0,11000,safe
oda_cached_depth_to_grid,ODA RGB cached depth,relative depth image -> 2D occupancy projection,200.0,2.72,186.991,10.0,3.0,399.711,1.1991,0.223,0.6036,0.4038,0.1538,0,0,139,80x80,postprocess only; depth prediction already cached,1,11001,safe
oda_cached_depth_to_grid,ODA RGB cached depth,relative depth image -> 2D occupancy projection,200.0,2.72,207.054,10.0,3.0,419.774,1.2593,0.1628,0.5434,0.3701,0.1201,0,0,139,80x80,postprocess only; depth prediction already cached,2,11002,safe
oda_cached_depth_to_grid,ODA RGB cached depth,relative depth image -> 2D occupancy projection,200.0,2.72,213.593,10.0,3.0,426.313,1.2789,0.1432,0.5238,0.3538,0.1038,0,0,139,80x80,postprocess only; depth prediction already cached,3,11003,safe
oda_cached_depth_to_grid,ODA RGB cached depth,relative depth image -> 2D occupancy projection,200.0,2.72,185.713,10.0,3.0,398.433,1.1953,0.2269,0.6075,0.3907,0.1407,0,0,139,80x80,postprocess only; depth prediction already cached,4,11004,safe
oda_cached_depth_to_grid,ODA RGB cached depth,relative depth image -> 2D occupancy projection,200.0,2.72,185.866,10.0,3.0,398.586,1.1958,0.2264,0.607,0.401,0.151,0,0,139,80x80,postprocess only; depth prediction already cached,5,11005,safe
oda_cached_depth_to_grid,ODA RGB cached depth,relative depth image -> 2D occupancy projection,200.0,2.72,184.622,10.0,3.0,397.342,1.192,0.2301,0.6107,0.4063,0.1563,0,0,139,80x80,postprocess only; depth prediction already cached,6,11006,safe
oda_cached_depth_to_grid,ODA RGB cached depth,relative depth image -> 2D occupancy projection,200.0,2.72,195.016,10.0,3.0,407.735,1.2232,0.199,0.5795,0.4007,0.1507,0,0,139,80x80,postprocess only; depth prediction already cached,7,11007,safe
oda_cached_depth_to_grid,ODA RGB cached depth,relative depth image -> 2D occupancy projection,200.0,2.72,188.58,10.0,4.0,401.3,1.6052,-0.183,0.1976,0.1266,-0.1234,0,1,139,80x80,postprocess only; depth prediction already cached,0,11100,violation
oda_cached_depth_to_grid,ODA RGB cached depth,relative depth image -> 2D occupancy projection,200.0,2.72,199.272,10.0,4.0,411.991,1.648,-0.2258,0.1548,0.093,-0.157,0,1,139,80x80,postprocess only; depth prediction already cached,1,11101,violation
oda_cached_depth_to_grid,ODA RGB cached depth,relative depth image -> 2D occupancy projection,200.0,2.72,186.449,10.0,4.0,399.169,1.5967,-0.1745,0.2061,0.127,-0.123,0,1,139,80x80,postprocess only; depth prediction already cached,2,11102,violation
oda_cached_depth_to_grid,ODA RGB cached depth,relative depth image -> 2D occupancy projection,200.0,2.72,188.042,10.0,4.0,400.762,1.603,-0.1809,0.1997,0.1282,-0.1218,0,1,139,80x80,postprocess only; depth prediction already cached,3,11103,violation
oda_cached_depth_to_grid,ODA RGB cached depth,relative depth image -> 2D occupancy projection,200.0,2.72,185.915,10.0,4.0,398.635,1.5945,-0.1724,0.2082,0.1321,-0.1179,0,1,139,80x80,postprocess only; depth prediction already cached,4,11104,violation
oda_cached_depth_to_grid,ODA RGB cached depth,relative depth image -> 2D occupancy projection,200.0,2.72,192.722,10.0,4.0,405.442,1.6218,-0.1996,0.181,0.1136,-0.1364,0,1,139,80x80,postprocess only; depth prediction already cached,5,11105,violation
oda_cached_depth_to_grid,ODA RGB cached depth,relative depth image -> 2D occupancy projection,200.0,2.72,186.241,10.0,4.0,398.961,1.5958,-0.1737,0.2069,0.1117,-0.1383,0,1,139,80x80,postprocess only; depth prediction already cached,6,11106,violation
oda_cached_depth_to_grid,ODA RGB cached depth,relative depth image -> 2D occupancy projection,200.0,2.72,277.384,10.0,4.0,490.104,1.9604,-0.5382,-0.1577,-0.1879,-0.4379,1,1,139,80x80,postprocess only; depth prediction already cached,7,11107,collision
oda_cached_depth_to_grid,ODA RGB cached depth,relative depth image -> 2D occupancy projection,200.0,2.72,226.92,10.0,5.0,439.64,2.1982,-0.776,-0.3954,-0.2913,-0.5413,1,1,139,80x80,postprocess only; depth prediction already cached,0,11200,collision
oda_cached_depth_to_grid,ODA RGB cached depth,relative depth image -> 2D occupancy projection,200.0,2.72,215.118,10.0,5.0,427.838,2.1392,-0.717,-0.3364,-0.2919,-0.5419,1,1,139,80x80,postprocess only; depth prediction already cached,1,11201,collision
oda_cached_depth_to_grid,ODA RGB cached depth,relative depth image -> 2D occupancy projection,200.0,2.72,215.936,10.0,5.0,428.655,2.1433,-0.7211,-0.3405,-0.2986,-0.5486,1,1,139,80x80,postprocess only; depth prediction already cached,2,11202,collision
oda_cached_depth_to_grid,ODA RGB cached depth,relative depth image -> 2D occupancy projection,200.0,2.72,206.671,10.0,5.0,419.39,2.097,-0.6748,-0.2942,-0.2791,-0.5291,1,1,139,80x80,postprocess only; depth prediction already cached,3,11203,collision
oda_cached_depth_to_grid,ODA RGB cached depth,relative depth image -> 2D occupancy projection,200.0,2.72,235.303,10.0,5.0,448.023,2.2401,-0.8179,-0.4374,-0.2895,-0.5395,1,1,139,80x80,postprocess only; depth prediction already cached,4,11204,collision
oda_cached_depth_to_grid,ODA RGB cached depth,relative depth image -> 2D occupancy projection,200.0,2.72,215.664,10.0,5.0,428.384,2.1419,-0.7197,-0.3392,-0.2964,-0.5464,1,1,139,80x80,postprocess only; depth prediction already cached,5,11205,collision
oda_cached_depth_to_grid,ODA RGB cached depth,relative depth image -> 2D occupancy projection,200.0,2.72,246.505,10.0,5.0,459.225,2.2961,-0.874,-0.4934,-0.2952,-0.5452,1,1,139,80x80,postprocess only; depth prediction already cached,6,11206,collision
oda_cached_depth_to_grid,ODA RGB cached depth,relative depth image -> 2D occupancy projection,200.0,2.72,296.954,10.0,5.0,509.674,2.5484,-1.1262,-0.7456,-0.2762,-0.5262,1,1,139,80x80,postprocess only; depth prediction already cached,7,11207,collision
oda_cached_depth_to_grid,ODA RGB cached depth,relative depth image -> 2D occupancy projection,200.0,2.72,353.814,10.0,6.0,566.534,3.3992,-1.977,-1.5965,-0.2955,-0.5455,1,1,139,80x80,postprocess only; depth prediction already cached,0,11300,collision
oda_cached_depth_to_grid,ODA RGB cached depth,relative depth image -> 2D occupancy projection,200.0,2.72,207.025,10.0,6.0,419.744,2.5185,-1.0963,-0.7157,-0.2761,-0.5261,1,1,139,80x80,postprocess only; depth prediction already cached,1,11301,collision
oda_cached_depth_to_grid,ODA RGB cached depth,relative depth image -> 2D occupancy projection,200.0,2.72,285.158,10.0,6.0,497.878,2.9873,-1.5651,-1.1845,-0.289,-0.539,1,1,139,80x80,postprocess only; depth prediction already cached,2,11302,collision
oda_cached_depth_to_grid,ODA RGB cached depth,relative depth image -> 2D occupancy projection,200.0,2.72,214.038,10.0,6.0,426.758,2.5605,-1.1384,-0.7578,-0.2993,-0.5493,1,1,139,80x80,postprocess only; depth prediction already cached,3,11303,collision
oda_cached_depth_to_grid,ODA RGB cached depth,relative depth image -> 2D occupancy projection,200.0,2.72,194.411,10.0,6.0,407.131,2.4428,-1.0206,-0.64,-0.2987,-0.5487,1,1,139,80x80,postprocess only; depth prediction already cached,4,11304,collision
oda_cached_depth_to_grid,ODA RGB cached depth,relative depth image -> 2D occupancy projection,200.0,2.72,224.045,10.0,6.0,436.765,2.6206,-1.1984,-0.8178,-0.3,-0.55,1,1,139,80x80,postprocess only; depth prediction already cached,5,11305,collision
oda_cached_depth_to_grid,ODA RGB cached depth,relative depth image -> 2D occupancy projection,200.0,2.72,214.992,10.0,6.0,427.712,2.5663,-1.1441,-0.7635,-0.2928,-0.5428,1,1,139,80x80,postprocess only; depth prediction already cached,6,11306,collision
oda_cached_depth_to_grid,ODA RGB cached depth,relative depth image -> 2D occupancy projection,200.0,2.72,206.515,10.0,6.0,419.234,2.5154,-1.0932,-0.7127,-0.2804,-0.5304,1,1,139,80x80,postprocess only; depth prediction already cached,7,11307,collision
oda_depth_anything_to_grid,ODA RGB,Depth Anything V2 Small wall-time + depth-to-grid,200.0,66.594,35.326,10.0,1.0,311.921,0.3119,1.1103,1.4908,0.313,0.063,0,0,139,80x80,dataset replay compute; not camera hardware latency,0,20800,safe
oda_depth_anything_to_grid,ODA RGB,Depth Anything V2 Small wall-time + depth-to-grid,200.0,66.594,34.243,10.0,1.0,310.837,0.3108,1.1113,1.4919,0.3158,0.0658,0,0,139,80x80,dataset replay compute; not camera hardware latency,1,20801,safe
oda_depth_anything_to_grid,ODA RGB,Depth Anything V2 Small wall-time + depth-to-grid,200.0,66.594,34.476,10.0,1.0,311.07,0.3111,1.1111,1.4917,0.3151,0.0651,0,0,139,80x80,dataset replay compute; not camera hardware latency,2,20802,safe
oda_depth_anything_to_grid,ODA RGB,Depth Anything V2 Small wall-time + depth-to-grid,200.0,66.594,35.309,10.0,1.0,311.903,0.3119,1.1103,1.4908,0.3157,0.0657,0,0,139,80x80,dataset replay compute; not camera hardware latency,3,20803,safe
oda_depth_anything_to_grid,ODA RGB,Depth Anything V2 Small wall-time + depth-to-grid,200.0,66.594,34.911,10.0,1.0,311.505,0.3115,1.1107,1.4912,0.3154,0.0654,0,0,139,80x80,dataset replay compute; not camera hardware latency,4,20804,safe
oda_depth_anything_to_grid,ODA RGB,Depth Anything V2 Small wall-time + depth-to-grid,200.0,66.594,42.011,10.0,1.0,318.605,0.3186,1.1036,1.4841,0.3154,0.0654,0,0,139,80x80,dataset replay compute; not camera hardware latency,5,20805,safe
oda_depth_anything_to_grid,ODA RGB,Depth Anything V2 Small wall-time + depth-to-grid,200.0,66.594,36.07,10.0,1.0,312.664,0.3127,1.1095,1.4901,0.3158,0.0658,0,0,139,80x80,dataset replay compute; not camera hardware latency,6,20806,safe
oda_depth_anything_to_grid,ODA RGB,Depth Anything V2 Small wall-time + depth-to-grid,200.0,66.594,34.105,10.0,1.0,310.699,0.3107,1.1115,1.4921,0.3141,0.0641,0,0,139,80x80,dataset replay compute; not camera hardware latency,7,20807,safe
oda_depth_anything_to_grid,ODA RGB,Depth Anything V2 Small wall-time + depth-to-grid,200.0,66.594,91.173,10.0,2.0,367.767,0.7355,0.6866,1.0672,0.5066,0.2566,0,0,139,80x80,dataset replay compute; not camera hardware latency,0,20900,safe
oda_depth_anything_to_grid,ODA RGB,Depth Anything V2 Small wall-time + depth-to-grid,200.0,66.594,89.315,10.0,2.0,365.909,0.7318,0.6904,1.0709,0.5058,0.2558,0,0,139,80x80,dataset replay compute; not camera hardware latency,1,20901,safe
oda_depth_anything_to_grid,ODA RGB,Depth Anything V2 Small wall-time + depth-to-grid,200.0,66.594,92.25,10.0,2.0,368.844,0.7377,0.6845,1.0651,0.5063,0.2563,0,0,139,80x80,dataset replay compute; not camera hardware latency,2,20902,safe
oda_depth_anything_to_grid,ODA RGB,Depth Anything V2 Small wall-time + depth-to-grid,200.0,66.594,91.519,10.0,2.0,368.114,0.7362,0.6859,1.0665,0.506,0.256,0,0,139,80x80,dataset replay compute; not camera hardware latency,3,20903,safe
oda_depth_anything_to_grid,ODA RGB,Depth Anything V2 Small wall-time + depth-to-grid,200.0,66.594,90.01,10.0,2.0,366.604,0.7332,0.689,1.0695,0.5075,0.2575,0,0,139,80x80,dataset replay compute; not camera hardware latency,4,20904,safe
oda_depth_anything_to_grid,ODA RGB,Depth Anything V2 Small wall-time + depth-to-grid,200.0,66.594,89.187,10.0,2.0,365.781,0.7316,0.6906,1.0712,0.5057,0.2557,0,0,139,80x80,dataset replay compute; not camera hardware latency,5,20905,safe
oda_depth_anything_to_grid,ODA RGB,Depth Anything V2 Small wall-time + depth-to-grid,200.0,66.594,106.111,10.0,2.0,382.705,0.7654,0.6568,1.0373,0.5077,0.2577,0,0,139,80x80,dataset replay compute; not camera hardware latency,6,20906,safe
oda_depth_anything_to_grid,ODA RGB,Depth Anything V2 Small wall-time + depth-to-grid,200.0,66.594,89.123,10.0,2.0,365.717,0.7314,0.6907,1.0713,0.5055,0.2555,0,0,139,80x80,dataset replay compute; not camera hardware latency,7,20907,safe
oda_depth_anything_to_grid,ODA RGB,Depth Anything V2 Small wall-time + depth-to-grid,200.0,66.594,185.057,10.0,3.0,461.651,1.385,0.0372,0.4178,0.2688,0.0188,0,0,139,80x80,dataset replay compute; not camera hardware latency,0,21000,safe
oda_depth_anything_to_grid,ODA RGB,Depth Anything V2 Small wall-time + depth-to-grid,200.0,66.594,186.121,10.0,3.0,462.716,1.3881,0.034,0.4146,0.2715,0.0215,0,0,139,80x80,dataset replay compute; not camera hardware latency,1,21001,safe
oda_depth_anything_to_grid,ODA RGB,Depth Anything V2 Small wall-time + depth-to-grid,200.0,66.594,185.604,10.0,3.0,462.198,1.3866,0.0356,0.4162,0.2495,-0.0005,0,1,139,80x80,dataset replay compute; not camera hardware latency,2,21002,violation
oda_depth_anything_to_grid,ODA RGB,Depth Anything V2 Small wall-time + depth-to-grid,200.0,66.594,202.012,10.0,3.0,478.606,1.4358,-0.0136,0.3669,0.237,-0.013,0,1,139,80x80,dataset replay compute; not camera hardware latency,3,21003,violation
oda_depth_anything_to_grid,ODA RGB,Depth Anything V2 Small wall-time + depth-to-grid,200.0,66.594,184.79,10.0,3.0,461.384,1.3842,0.038,0.4186,0.2739,0.0239,0,0,139,80x80,dataset replay compute; not camera hardware latency,4,21004,safe
oda_depth_anything_to_grid,ODA RGB,Depth Anything V2 Small wall-time + depth-to-grid,200.0,66.594,189.578,10.0,3.0,466.173,1.3985,0.0237,0.4042,0.2469,-0.0031,0,1,139,80x80,dataset replay compute; not camera hardware latency,5,21005,violation
oda_depth_anything_to_grid,ODA RGB,Depth Anything V2 Small wall-time + depth-to-grid,200.0,66.594,185.884,10.0,3.0,462.478,1.3874,0.0347,0.4153,0.272,0.022,0,0,139,80x80,dataset replay compute; not camera hardware latency,6,21006,safe
oda_depth_anything_to_grid,ODA RGB,Depth Anything V2 Small wall-time + depth-to-grid,200.0,66.594,185.087,10.0,3.0,461.681,1.385,0.0371,0.4177,0.2738,0.0238,0,0,139,80x80,dataset replay compute; not camera hardware latency,7,21007,safe
oda_depth_anything_to_grid,ODA RGB,Depth Anything V2 Small wall-time + depth-to-grid,200.0,66.594,185.286,10.0,4.0,461.88,1.8475,-0.4253,-0.0448,-0.0362,-0.2862,1,1,139,80x80,dataset replay compute; not camera hardware latency,0,21100,collision
oda_depth_anything_to_grid,ODA RGB,Depth Anything V2 Small wall-time + depth-to-grid,200.0,66.594,186.965,10.0,4.0,463.559,1.8542,-0.4321,-0.0515,-0.0903,-0.3403,1,1,139,80x80,dataset replay compute; not camera hardware latency,1,21101,collision
oda_depth_anything_to_grid,ODA RGB,Depth Anything V2 Small wall-time + depth-to-grid,200.0,66.594,186.721,10.0,4.0,463.315,1.8533,-0.4311,-0.0505,-0.0421,-0.2921,1,1,139,80x80,dataset replay compute; not camera hardware latency,2,21102,collision
oda_depth_anything_to_grid,ODA RGB,Depth Anything V2 Small wall-time + depth-to-grid,200.0,66.594,193.266,10.0,4.0,469.86,1.8794,-0.4573,-0.0767,-0.0474,-0.2974,1,1,139,80x80,dataset replay compute; not camera hardware latency,3,21103,collision
oda_depth_anything_to_grid,ODA RGB,Depth Anything V2 Small wall-time + depth-to-grid,200.0,66.594,186.566,10.0,4.0,463.16,1.8526,-0.4305,-0.0499,-0.0496,-0.2996,1,1,139,80x80,dataset replay compute; not camera hardware latency,4,21104,collision
oda_depth_anything_to_grid,ODA RGB,Depth Anything V2 Small wall-time + depth-to-grid,200.0,66.594,189.973,10.0,4.0,466.567,1.8663,-0.4441,-0.0635,-0.0354,-0.2854,1,1,139,80x80,dataset replay compute; not camera hardware latency,5,21105,collision
oda_depth_anything_to_grid,ODA RGB,Depth Anything V2 Small wall-time + depth-to-grid,200.0,66.594,205.251,10.0,4.0,481.845,1.9274,-0.5052,-0.1246,-0.1306,-0.3806,1,1,139,80x80,dataset replay compute; not camera hardware latency,6,21106,collision
oda_depth_anything_to_grid,ODA RGB,Depth Anything V2 Small wall-time + depth-to-grid,200.0,66.594,186.809,10.0,4.0,463.403,1.8536,-0.4314,-0.0509,-0.05,-0.3,1,1,139,80x80,dataset replay compute; not camera hardware latency,7,21107,collision
oda_depth_anything_to_grid,ODA RGB,Depth Anything V2 Small wall-time + depth-to-grid,200.0,66.594,296.802,10.0,5.0,573.396,2.867,-1.4448,-1.0642,-0.29,-0.54,1,1,139,80x80,dataset replay compute; not camera hardware latency,0,21200,collision
oda_depth_anything_to_grid,ODA RGB,Depth Anything V2 Small wall-time + depth-to-grid,200.0,66.594,201.304,10.0,5.0,477.898,2.3895,-0.9673,-0.5867,-0.2895,-0.5395,1,1,139,80x80,dataset replay compute; not camera hardware latency,1,21201,collision
oda_depth_anything_to_grid,ODA RGB,Depth Anything V2 Small wall-time + depth-to-grid,200.0,66.594,202.695,10.0,5.0,479.289,2.3964,-0.9743,-0.5937,-0.2792,-0.5292,1,1,139,80x80,dataset replay compute; not camera hardware latency,2,21202,collision
oda_depth_anything_to_grid,ODA RGB,Depth Anything V2 Small wall-time + depth-to-grid,200.0,66.594,196.466,10.0,5.0,473.06,2.3653,-0.9431,-0.5625,-0.281,-0.531,1,1,139,80x80,dataset replay compute; not camera hardware latency,3,21203,collision
oda_depth_anything_to_grid,ODA RGB,Depth Anything V2 Small wall-time + depth-to-grid,200.0,66.594,205.353,10.0,5.0,481.947,2.4097,-0.9876,-0.607,-0.2965,-0.5465,1,1,139,80x80,dataset replay compute; not camera hardware latency,4,21204,collision
oda_depth_anything_to_grid,ODA RGB,Depth Anything V2 Small wall-time + depth-to-grid,200.0,66.594,197.647,10.0,5.0,474.241,2.3712,-0.949,-0.5685,-0.2836,-0.5336,1,1,139,80x80,dataset replay compute; not camera hardware latency,5,21205,collision
oda_depth_anything_to_grid,ODA RGB,Depth Anything V2 Small wall-time + depth-to-grid,200.0,66.594,189.377,10.0,5.0,465.971,2.3299,-0.9077,-0.5271,-0.2893,-0.5393,1,1,139,80x80,dataset replay compute; not camera hardware latency,6,21206,collision
oda_depth_anything_to_grid,ODA RGB,Depth Anything V2 Small wall-time + depth-to-grid,200.0,66.594,199.39,10.0,5.0,475.984,2.3799,-0.9577,-0.5772,-0.2964,-0.5464,1,1,139,80x80,dataset replay compute; not camera hardware latency,7,21207,collision
oda_depth_anything_to_grid,ODA RGB,Depth Anything V2 Small wall-time + depth-to-grid,200.0,66.594,223.844,10.0,6.0,500.438,3.0026,-1.5805,-1.1999,-0.294,-0.544,1,1,139,80x80,dataset replay compute; not camera hardware latency,0,21300,collision
oda_depth_anything_to_grid,ODA RGB,Depth Anything V2 Small wall-time + depth-to-grid,200.0,66.594,197.175,10.0,6.0,473.769,2.8426,-1.4204,-1.0399,-0.2831,-0.5331,1,1,139,80x80,dataset replay compute; not camera hardware latency,1,21301,collision
oda_depth_anything_to_grid,ODA RGB,Depth Anything V2 Small wall-time + depth-to-grid,200.0,66.594,193.043,10.0,6.0,469.638,2.8178,-1.3957,-1.0151,-0.2767,-0.5267,1,1,139,80x80,dataset replay compute; not camera hardware latency,2,21302,collision
oda_depth_anything_to_grid,ODA RGB,Depth Anything V2 Small wall-time + depth-to-grid,200.0,66.594,201.955,10.0,6.0,478.549,2.8713,-1.4491,-1.0685,-0.2847,-0.5347,1,1,139,80x80,dataset replay compute; not camera hardware latency,3,21303,collision
oda_depth_anything_to_grid,ODA RGB,Depth Anything V2 Small wall-time + depth-to-grid,200.0,66.594,199.359,10.0,6.0,475.953,2.8557,-1.4335,-1.053,-0.2962,-0.5462,1,1,139,80x80,dataset replay compute; not camera hardware latency,4,21304,collision
oda_depth_anything_to_grid,ODA RGB,Depth Anything V2 Small wall-time + depth-to-grid,200.0,66.594,222.258,10.0,6.0,498.852,2.9931,-1.5709,-1.1904,-0.2821,-0.5321,1,1,139,80x80,dataset replay compute; not camera hardware latency,5,21305,collision
oda_depth_anything_to_grid,ODA RGB,Depth Anything V2 Small wall-time + depth-to-grid,200.0,66.594,203.818,10.0,6.0,480.412,2.8825,-1.4603,-1.0797,-0.2925,-0.5425,1,1,139,80x80,dataset replay compute; not camera hardware latency,6,21306,collision
oda_depth_anything_to_grid,ODA RGB,Depth Anything V2 Small wall-time + depth-to-grid,200.0,66.594,225.891,10.0,6.0,502.485,3.0149,-1.5927,-1.2122,-0.2916,-0.5416,1,1,139,80x80,dataset replay compute; not camera hardware latency,7,21307,collision
external_lidar_bbox_to_grid,Multi-LiDAR bbox CSV,3D bbox footprints -> 2D occupancy raster,100.0,0.017,40.922,10.0,1.0,150.939,0.1509,1.2712,1.6518,0.3855,0.1355,0,0,626,88x72,not ODA; starts after point-cloud clustering/bbox extraction,0,30800,safe
external_lidar_bbox_to_grid,Multi-LiDAR bbox CSV,3D bbox footprints -> 2D occupancy raster,100.0,0.017,36.926,10.0,1.0,146.943,0.1469,1.2752,1.6558,0.3862,0.1362,0,0,626,88x72,not ODA; starts after point-cloud clustering/bbox extraction,1,30801,safe
external_lidar_bbox_to_grid,Multi-LiDAR bbox CSV,3D bbox footprints -> 2D occupancy raster,100.0,0.017,45.514,10.0,1.0,155.531,0.1555,1.2666,1.6472,0.3872,0.1372,0,0,626,88x72,not ODA; starts after point-cloud clustering/bbox extraction,2,30802,safe
external_lidar_bbox_to_grid,Multi-LiDAR bbox CSV,3D bbox footprints -> 2D occupancy raster,100.0,0.017,37.305,10.0,1.0,147.322,0.1473,1.2748,1.6554,0.3871,0.1371,0,0,626,88x72,not ODA; starts after point-cloud clustering/bbox extraction,3,30803,safe
external_lidar_bbox_to_grid,Multi-LiDAR bbox CSV,3D bbox footprints -> 2D occupancy raster,100.0,0.017,43.522,10.0,1.0,153.539,0.1535,1.2686,1.6492,0.3887,0.1387,0,0,626,88x72,not ODA; starts after point-cloud clustering/bbox extraction,4,30804,safe
external_lidar_bbox_to_grid,Multi-LiDAR bbox CSV,3D bbox footprints -> 2D occupancy raster,100.0,0.017,35.236,10.0,1.0,145.253,0.1453,1.2769,1.6575,0.3879,0.1379,0,0,626,88x72,not ODA; starts after point-cloud clustering/bbox extraction,5,30805,safe
external_lidar_bbox_to_grid,Multi-LiDAR bbox CSV,3D bbox footprints -> 2D occupancy raster,100.0,0.017,44.947,10.0,1.0,154.964,0.155,1.2672,1.6478,0.3878,0.1378,0,0,626,88x72,not ODA; starts after point-cloud clustering/bbox extraction,6,30806,safe
external_lidar_bbox_to_grid,Multi-LiDAR bbox CSV,3D bbox footprints -> 2D occupancy raster,100.0,0.017,35.964,10.0,1.0,145.981,0.146,1.2762,1.6568,0.3892,0.1392,0,0,626,88x72,not ODA; starts after point-cloud clustering/bbox extraction,7,30807,safe
external_lidar_bbox_to_grid,Multi-LiDAR bbox CSV,3D bbox footprints -> 2D occupancy raster,100.0,0.017,87.569,10.0,2.0,197.586,0.3952,1.027,1.4076,0.2734,0.0234,0,0,626,88x72,not ODA; starts after point-cloud clustering/bbox extraction,0,30900,safe
external_lidar_bbox_to_grid,Multi-LiDAR bbox CSV,3D bbox footprints -> 2D occupancy raster,100.0,0.017,88.559,10.0,2.0,198.576,0.3972,1.025,1.4056,0.2689,0.0189,0,0,626,88x72,not ODA; starts after point-cloud clustering/bbox extraction,1,30901,safe
external_lidar_bbox_to_grid,Multi-LiDAR bbox CSV,3D bbox footprints -> 2D occupancy raster,100.0,0.017,92.232,10.0,2.0,202.249,0.4045,1.0177,1.3983,0.2753,0.0253,0,0,626,88x72,not ODA; starts after point-cloud clustering/bbox extraction,2,30902,safe
external_lidar_bbox_to_grid,Multi-LiDAR bbox CSV,3D bbox footprints -> 2D occupancy raster,100.0,0.017,105.904,10.0,2.0,215.921,0.4318,0.9903,1.3709,0.2743,0.0243,0,0,626,88x72,not ODA; starts after point-cloud clustering/bbox extraction,3,30903,safe
external_lidar_bbox_to_grid,Multi-LiDAR bbox CSV,3D bbox footprints -> 2D occupancy raster,100.0,0.017,104.266,10.0,2.0,214.282,0.4286,0.9936,1.3742,0.2536,0.0036,0,0,626,88x72,not ODA; starts after point-cloud clustering/bbox extraction,4,30904,safe
external_lidar_bbox_to_grid,Multi-LiDAR bbox CSV,3D bbox footprints -> 2D occupancy raster,100.0,0.017,91.057,10.0,2.0,201.074,0.4021,1.02,1.4006,0.2709,0.0209,0,0,626,88x72,not ODA; starts after point-cloud clustering/bbox extraction,5,30905,safe
external_lidar_bbox_to_grid,Multi-LiDAR bbox CSV,3D bbox footprints -> 2D occupancy raster,100.0,0.017,110.244,10.0,2.0,220.261,0.4405,0.9816,1.3622,0.2635,0.0135,0,0,626,88x72,not ODA; starts after point-cloud clustering/bbox extraction,6,30906,safe
external_lidar_bbox_to_grid,Multi-LiDAR bbox CSV,3D bbox footprints -> 2D occupancy raster,100.0,0.017,91.395,10.0,2.0,201.412,0.4028,1.0193,1.3999,0.2742,0.0242,0,0,626,88x72,not ODA; starts after point-cloud clustering/bbox extraction,7,30907,safe
external_lidar_bbox_to_grid,Multi-LiDAR bbox CSV,3D bbox footprints -> 2D occupancy raster,100.0,0.017,190.352,10.0,3.0,300.369,0.9011,0.5211,0.9016,0.521,0.271,0,0,626,88x72,not ODA; starts after point-cloud clustering/bbox extraction,0,31000,safe
external_lidar_bbox_to_grid,Multi-LiDAR bbox CSV,3D bbox footprints -> 2D occupancy raster,100.0,0.017,262.076,10.0,3.0,372.093,1.1163,0.3059,0.6865,0.4919,0.2419,0,0,626,88x72,not ODA; starts after point-cloud clustering/bbox extraction,1,31001,safe
external_lidar_bbox_to_grid,Multi-LiDAR bbox CSV,3D bbox footprints -> 2D occupancy raster,100.0,0.017,267.889,10.0,3.0,377.906,1.1337,0.2885,0.669,0.4766,0.2266,0,0,626,88x72,not ODA; starts after point-cloud clustering/bbox extraction,2,31002,safe
external_lidar_bbox_to_grid,Multi-LiDAR bbox CSV,3D bbox footprints -> 2D occupancy raster,100.0,0.017,192.221,10.0,3.0,302.238,0.9067,0.5155,0.896,0.5283,0.2783,0,0,626,88x72,not ODA; starts after point-cloud clustering/bbox extraction,3,31003,safe
external_lidar_bbox_to_grid,Multi-LiDAR bbox CSV,3D bbox footprints -> 2D occupancy raster,100.0,0.017,194.504,10.0,3.0,304.521,0.9136,0.5086,0.8892,0.5221,0.2721,0,0,626,88x72,not ODA; starts after point-cloud clustering/bbox extraction,4,31004,safe
external_lidar_bbox_to_grid,Multi-LiDAR bbox CSV,3D bbox footprints -> 2D occupancy raster,100.0,0.017,195.787,10.0,3.0,305.804,0.9174,0.5048,0.8853,0.5233,0.2733,0,0,626,88x72,not ODA; starts after point-cloud clustering/bbox extraction,5,31005,safe
external_lidar_bbox_to_grid,Multi-LiDAR bbox CSV,3D bbox footprints -> 2D occupancy raster,100.0,0.017,191.17,10.0,3.0,301.187,0.9036,0.5186,0.8992,0.5206,0.2706,0,0,626,88x72,not ODA; starts after point-cloud clustering/bbox extraction,6,31006,safe
external_lidar_bbox_to_grid,Multi-LiDAR bbox CSV,3D bbox footprints -> 2D occupancy raster,100.0,0.017,203.271,10.0,3.0,313.288,0.9399,0.4823,0.8629,0.5213,0.2713,0,0,626,88x72,not ODA; starts after point-cloud clustering/bbox extraction,7,31007,safe
external_lidar_bbox_to_grid,Multi-LiDAR bbox CSV,3D bbox footprints -> 2D occupancy raster,100.0,0.017,195.727,10.0,4.0,305.744,1.223,0.1992,0.5798,0.38,0.13,0,0,626,88x72,not ODA; starts after point-cloud clustering/bbox extraction,0,31100,safe
external_lidar_bbox_to_grid,Multi-LiDAR bbox CSV,3D bbox footprints -> 2D occupancy raster,100.0,0.017,205.635,10.0,4.0,315.652,1.2626,0.1596,0.5401,0.3673,0.1173,0,0,626,88x72,not ODA; starts after point-cloud clustering/bbox extraction,1,31101,safe
external_lidar_bbox_to_grid,Multi-LiDAR bbox CSV,3D bbox footprints -> 2D occupancy raster,100.0,0.017,192.053,10.0,4.0,302.07,1.2083,0.2139,0.5945,0.4025,0.1525,0,0,626,88x72,not ODA; starts after point-cloud clustering/bbox extraction,2,31102,safe
external_lidar_bbox_to_grid,Multi-LiDAR bbox CSV,3D bbox footprints -> 2D occupancy raster,100.0,0.017,190.255,10.0,4.0,300.272,1.2011,0.2211,0.6017,0.3679,0.1179,0,0,626,88x72,not ODA; starts after point-cloud clustering/bbox extraction,3,31103,safe
external_lidar_bbox_to_grid,Multi-LiDAR bbox CSV,3D bbox footprints -> 2D occupancy raster,100.0,0.017,184.18,10.0,4.0,294.197,1.1768,0.2454,0.626,0.4195,0.1695,0,0,626,88x72,not ODA; starts after point-cloud clustering/bbox extraction,4,31104,safe
external_lidar_bbox_to_grid,Multi-LiDAR bbox CSV,3D bbox footprints -> 2D occupancy raster,100.0,0.017,193.379,10.0,4.0,303.396,1.2136,0.2086,0.5892,0.4089,0.1589,0,0,626,88x72,not ODA; starts after point-cloud clustering/bbox extraction,5,31105,safe
external_lidar_bbox_to_grid,Multi-LiDAR bbox CSV,3D bbox footprints -> 2D occupancy raster,100.0,0.017,185.965,10.0,4.0,295.982,1.1839,0.2382,0.6188,0.3937,0.1437,0,0,626,88x72,not ODA; starts after point-cloud clustering/bbox extraction,6,31106,safe
external_lidar_bbox_to_grid,Multi-LiDAR bbox CSV,3D bbox footprints -> 2D occupancy raster,100.0,0.017,200.294,10.0,4.0,310.311,1.2412,0.1809,0.5615,0.3854,0.1354,0,0,626,88x72,not ODA; starts after point-cloud clustering/bbox extraction,7,31107,safe
external_lidar_bbox_to_grid,Multi-LiDAR bbox CSV,3D bbox footprints -> 2D occupancy raster,100.0,0.017,193.642,10.0,5.0,303.658,1.5183,-0.0961,0.2845,0.1672,-0.0828,0,1,626,88x72,not ODA; starts after point-cloud clustering/bbox extraction,0,31200,violation
external_lidar_bbox_to_grid,Multi-LiDAR bbox CSV,3D bbox footprints -> 2D occupancy raster,100.0,0.017,188.908,10.0,5.0,298.925,1.4946,-0.0725,0.3081,0.1459,-0.1041,0,1,626,88x72,not ODA; starts after point-cloud clustering/bbox extraction,1,31201,violation
external_lidar_bbox_to_grid,Multi-LiDAR bbox CSV,3D bbox footprints -> 2D occupancy raster,100.0,0.017,184.716,10.0,5.0,294.733,1.4737,-0.0515,0.3291,0.2134,-0.0366,0,1,626,88x72,not ODA; starts after point-cloud clustering/bbox extraction,2,31202,violation
external_lidar_bbox_to_grid,Multi-LiDAR bbox CSV,3D bbox footprints -> 2D occupancy raster,100.0,0.017,184.963,10.0,5.0,294.98,1.4749,-0.0527,0.3279,0.2047,-0.0453,0,1,626,88x72,not ODA; starts after point-cloud clustering/bbox extraction,3,31203,violation
external_lidar_bbox_to_grid,Multi-LiDAR bbox CSV,3D bbox footprints -> 2D occupancy raster,100.0,0.017,191.177,10.0,5.0,301.194,1.506,-0.0838,0.2968,0.1932,-0.0568,0,1,626,88x72,not ODA; starts after point-cloud clustering/bbox extraction,4,31204,violation
external_lidar_bbox_to_grid,Multi-LiDAR bbox CSV,3D bbox footprints -> 2D occupancy raster,100.0,0.017,202.221,10.0,5.0,312.237,1.5612,-0.139,0.2416,0.1588,-0.0912,0,1,626,88x72,not ODA; starts after point-cloud clustering/bbox extraction,5,31205,violation
external_lidar_bbox_to_grid,Multi-LiDAR bbox CSV,3D bbox footprints -> 2D occupancy raster,100.0,0.017,185.972,10.0,5.0,295.989,1.4799,-0.0578,0.3228,0.2039,-0.0461,0,1,626,88x72,not ODA; starts after point-cloud clustering/bbox extraction,6,31206,violation
external_lidar_bbox_to_grid,Multi-LiDAR bbox CSV,3D bbox footprints -> 2D occupancy raster,100.0,0.017,196.252,10.0,5.0,306.269,1.5313,-0.1092,0.2714,0.1774,-0.0726,0,1,626,88x72,not ODA; starts after point-cloud clustering/bbox extraction,7,31207,violation
external_lidar_bbox_to_grid,Multi-LiDAR bbox CSV,3D bbox footprints -> 2D occupancy raster,100.0,0.017,236.452,10.0,6.0,346.468,2.0788,-0.6566,-0.2761,-0.2903,-0.5403,1,1,626,88x72,not ODA; starts after point-cloud clustering/bbox extraction,0,31300,collision
external_lidar_bbox_to_grid,Multi-LiDAR bbox CSV,3D bbox footprints -> 2D occupancy raster,100.0,0.017,195.671,10.0,6.0,305.688,1.8341,-0.412,-0.0314,-0.0901,-0.3401,1,1,626,88x72,not ODA; starts after point-cloud clustering/bbox extraction,1,31301,collision
external_lidar_bbox_to_grid,Multi-LiDAR bbox CSV,3D bbox footprints -> 2D occupancy raster,100.0,0.017,190.17,10.0,6.0,300.187,1.8011,-0.3789,0.0016,-0.0379,-0.2879,1,1,626,88x72,not ODA; starts after point-cloud clustering/bbox extraction,2,31302,collision
external_lidar_bbox_to_grid,Multi-LiDAR bbox CSV,3D bbox footprints -> 2D occupancy raster,100.0,0.017,195.56,10.0,6.0,305.577,1.8335,-0.4113,-0.0307,-0.0393,-0.2893,1,1,626,88x72,not ODA; starts after point-cloud clustering/bbox extraction,3,31303,collision
external_lidar_bbox_to_grid,Multi-LiDAR bbox CSV,3D bbox footprints -> 2D occupancy raster,100.0,0.017,189.365,10.0,6.0,299.382,1.7963,-0.3741,0.0065,-0.0017,-0.2517,1,1,626,88x72,not ODA; starts after point-cloud clustering/bbox extraction,4,31304,collision
external_lidar_bbox_to_grid,Multi-LiDAR bbox CSV,3D bbox footprints -> 2D occupancy raster,100.0,0.017,191.035,10.0,6.0,301.051,1.8063,-0.3841,-0.0036,-0.0065,-0.2565,1,1,626,88x72,not ODA; starts after point-cloud clustering/bbox extraction,5,31305,collision
external_lidar_bbox_to_grid,Multi-LiDAR bbox CSV,3D bbox footprints -> 2D occupancy raster,100.0,0.017,226.326,10.0,6.0,336.343,2.0181,-0.5959,-0.2153,-0.2879,-0.5379,1,1,626,88x72,not ODA; starts after point-cloud clustering/bbox extraction,6,31306,collision
external_lidar_bbox_to_grid,Multi-LiDAR bbox CSV,3D bbox footprints -> 2D occupancy raster,100.0,0.017,193.364,10.0,6.0,303.38,1.8203,-0.3981,-0.0175,-0.0994,-0.3494,1,1,626,88x72,not ODA; starts after point-cloud clustering/bbox extraction,7,31307,collision
bbox_cached_depth_mux_to_grid,Multi-LiDAR bbox + ODA cached depth,bbox grid + cached depth grid -> merged occupancy,200.0,3.103,34.15,10.0,1.0,247.253,0.2473,1.1749,1.5555,0.3492,0.0992,0,0,666,133x75,fusion contract timing; mixed-source proxy,0,40800,safe
bbox_cached_depth_mux_to_grid,Multi-LiDAR bbox + ODA cached depth,bbox grid + cached depth grid -> merged occupancy,200.0,3.103,33.822,10.0,1.0,246.925,0.2469,1.1752,1.5558,0.3493,0.0993,0,0,666,133x75,fusion contract timing; mixed-source proxy,1,40801,safe
bbox_cached_depth_mux_to_grid,Multi-LiDAR bbox + ODA cached depth,bbox grid + cached depth grid -> merged occupancy,200.0,3.103,34.628,10.0,1.0,247.731,0.2477,1.1744,1.555,0.3492,0.0992,0,0,666,133x75,fusion contract timing; mixed-source proxy,2,40802,safe
bbox_cached_depth_mux_to_grid,Multi-LiDAR bbox + ODA cached depth,bbox grid + cached depth grid -> merged occupancy,200.0,3.103,33.289,10.0,1.0,246.391,0.2464,1.1758,1.5564,0.3491,0.0991,0,0,666,133x75,fusion contract timing; mixed-source proxy,3,40803,safe
bbox_cached_depth_mux_to_grid,Multi-LiDAR bbox + ODA cached depth,bbox grid + cached depth grid -> merged occupancy,200.0,3.103,33.445,10.0,1.0,246.548,0.2465,1.1756,1.5562,0.3492,0.0992,0,0,666,133x75,fusion contract timing; mixed-source proxy,4,40804,safe
bbox_cached_depth_mux_to_grid,Multi-LiDAR bbox + ODA cached depth,bbox grid + cached depth grid -> merged occupancy,200.0,3.103,36.455,10.0,1.0,249.558,0.2496,1.1726,1.5532,0.3494,0.0994,0,0,666,133x75,fusion contract timing; mixed-source proxy,5,40805,safe
bbox_cached_depth_mux_to_grid,Multi-LiDAR bbox + ODA cached depth,bbox grid + cached depth grid -> merged occupancy,200.0,3.103,33.212,10.0,1.0,246.315,0.2463,1.1759,1.5564,0.3487,0.0987,0,0,666,133x75,fusion contract timing; mixed-source proxy,6,40806,safe
bbox_cached_depth_mux_to_grid,Multi-LiDAR bbox + ODA cached depth,bbox grid + cached depth grid -> merged occupancy,200.0,3.103,33.961,10.0,1.0,247.064,0.2471,1.1751,1.5557,0.3495,0.0995,0,0,666,133x75,fusion contract timing; mixed-source proxy,7,40807,safe
bbox_cached_depth_mux_to_grid,Multi-LiDAR bbox + ODA cached depth,bbox grid + cached depth grid -> merged occupancy,200.0,3.103,95.684,10.0,2.0,308.787,0.6176,0.8046,1.1852,0.4961,0.2461,0,0,666,133x75,fusion contract timing; mixed-source proxy,0,40900,safe
bbox_cached_depth_mux_to_grid,Multi-LiDAR bbox + ODA cached depth,bbox grid + cached depth grid -> merged occupancy,200.0,3.103,92.969,10.0,2.0,306.072,0.6121,0.81,1.1906,0.4942,0.2442,0,0,666,133x75,fusion contract timing; mixed-source proxy,1,40901,safe
bbox_cached_depth_mux_to_grid,Multi-LiDAR bbox + ODA cached depth,bbox grid + cached depth grid -> merged occupancy,200.0,3.103,95.051,10.0,2.0,308.153,0.6163,0.8059,1.1864,0.4948,0.2448,0,0,666,133x75,fusion contract timing; mixed-source proxy,2,40902,safe
bbox_cached_depth_mux_to_grid,Multi-LiDAR bbox + ODA cached depth,bbox grid + cached depth grid -> merged occupancy,200.0,3.103,87.794,10.0,2.0,300.897,0.6018,0.8204,1.201,0.4943,0.2443,0,0,666,133x75,fusion contract timing; mixed-source proxy,3,40903,safe
bbox_cached_depth_mux_to_grid,Multi-LiDAR bbox + ODA cached depth,bbox grid + cached depth grid -> merged occupancy,200.0,3.103,90.003,10.0,2.0,303.106,0.6062,0.816,1.1965,0.4938,0.2438,0,0,666,133x75,fusion contract timing; mixed-source proxy,4,40904,safe
bbox_cached_depth_mux_to_grid,Multi-LiDAR bbox + ODA cached depth,bbox grid + cached depth grid -> merged occupancy,200.0,3.103,98.171,10.0,2.0,311.274,0.6225,0.7996,1.1802,0.4936,0.2436,0,0,666,133x75,fusion contract timing; mixed-source proxy,5,40905,safe
bbox_cached_depth_mux_to_grid,Multi-LiDAR bbox + ODA cached depth,bbox grid + cached depth grid -> merged occupancy,200.0,3.103,105.787,10.0,2.0,318.89,0.6378,0.7844,1.165,0.5035,0.2535,0,0,666,133x75,fusion contract timing; mixed-source proxy,6,40906,safe
bbox_cached_depth_mux_to_grid,Multi-LiDAR bbox + ODA cached depth,bbox grid + cached depth grid -> merged occupancy,200.0,3.103,96.685,10.0,2.0,309.788,0.6196,0.8026,1.1832,0.4958,0.2458,0,0,666,133x75,fusion contract timing; mixed-source proxy,7,40907,safe
bbox_cached_depth_mux_to_grid,Multi-LiDAR bbox + ODA cached depth,bbox grid + cached depth grid -> merged occupancy,200.0,3.103,209.442,10.0,3.0,422.545,1.2676,0.1545,0.5351,0.363,0.113,0,0,666,133x75,fusion contract timing; mixed-source proxy,0,41000,safe
bbox_cached_depth_mux_to_grid,Multi-LiDAR bbox + ODA cached depth,bbox grid + cached depth grid -> merged occupancy,200.0,3.103,194.843,10.0,3.0,407.946,1.2238,0.1983,0.5789,0.3595,0.1095,0,0,666,133x75,fusion contract timing; mixed-source proxy,1,41001,safe
bbox_cached_depth_mux_to_grid,Multi-LiDAR bbox + ODA cached depth,bbox grid + cached depth grid -> merged occupancy,200.0,3.103,183.934,10.0,3.0,397.037,1.1911,0.2311,0.6116,0.3929,0.1429,0,0,666,133x75,fusion contract timing; mixed-source proxy,2,41002,safe
bbox_cached_depth_mux_to_grid,Multi-LiDAR bbox + ODA cached depth,bbox grid + cached depth grid -> merged occupancy,200.0,3.103,189.514,10.0,3.0,402.617,1.2079,0.2143,0.5949,0.4027,0.1527,0,0,666,133x75,fusion contract timing; mixed-source proxy,3,41003,safe
bbox_cached_depth_mux_to_grid,Multi-LiDAR bbox + ODA cached depth,bbox grid + cached depth grid -> merged occupancy,200.0,3.103,226.398,10.0,3.0,439.501,1.3185,0.1037,0.4843,0.324,0.074,0,0,666,133x75,fusion contract timing; mixed-source proxy,4,41004,safe
bbox_cached_depth_mux_to_grid,Multi-LiDAR bbox + ODA cached depth,bbox grid + cached depth grid -> merged occupancy,200.0,3.103,210.54,10.0,3.0,423.643,1.2709,0.1512,0.5318,0.1926,-0.0574,0,1,666,133x75,fusion contract timing; mixed-source proxy,5,41005,violation
bbox_cached_depth_mux_to_grid,Multi-LiDAR bbox + ODA cached depth,bbox grid + cached depth grid -> merged occupancy,200.0,3.103,206.139,10.0,3.0,419.241,1.2577,0.1644,0.545,0.3516,0.1016,0,0,666,133x75,fusion contract timing; mixed-source proxy,6,41006,safe
bbox_cached_depth_mux_to_grid,Multi-LiDAR bbox + ODA cached depth,bbox grid + cached depth grid -> merged occupancy,200.0,3.103,198.683,10.0,3.0,411.785,1.2354,0.1868,0.5674,0.3831,0.1331,0,0,666,133x75,fusion contract timing; mixed-source proxy,7,41007,safe
bbox_cached_depth_mux_to_grid,Multi-LiDAR bbox + ODA cached depth,bbox grid + cached depth grid -> merged occupancy,200.0,3.103,200.079,10.0,4.0,413.181,1.6527,-0.2306,0.15,0.0893,-0.1607,0,1,666,133x75,fusion contract timing; mixed-source proxy,0,41100,violation
bbox_cached_depth_mux_to_grid,Multi-LiDAR bbox + ODA cached depth,bbox grid + cached depth grid -> merged occupancy,200.0,3.103,200.622,10.0,4.0,413.725,1.6549,-0.2327,0.1479,0.0876,-0.1624,0,1,666,133x75,fusion contract timing; mixed-source proxy,1,41101,violation
bbox_cached_depth_mux_to_grid,Multi-LiDAR bbox + ODA cached depth,bbox grid + cached depth grid -> merged occupancy,200.0,3.103,186.681,10.0,4.0,399.783,1.5991,-0.177,0.2036,0.0068,-0.2432,0,1,666,133x75,fusion contract timing; mixed-source proxy,2,41102,violation
bbox_cached_depth_mux_to_grid,Multi-LiDAR bbox + ODA cached depth,bbox grid + cached depth grid -> merged occupancy,200.0,3.103,186.766,10.0,4.0,399.869,1.5995,-0.1773,0.2033,0.131,-0.119,0,1,666,133x75,fusion contract timing; mixed-source proxy,3,41103,violation
bbox_cached_depth_mux_to_grid,Multi-LiDAR bbox + ODA cached depth,bbox grid + cached depth grid -> merged occupancy,200.0,3.103,216.731,10.0,4.0,429.834,1.7193,-0.2972,0.0834,0.0371,-0.2129,0,1,666,133x75,fusion contract timing; mixed-source proxy,4,41104,violation
bbox_cached_depth_mux_to_grid,Multi-LiDAR bbox + ODA cached depth,bbox grid + cached depth grid -> merged occupancy,200.0,3.103,203.725,10.0,4.0,416.828,1.6673,-0.2451,0.1354,-0.0589,-0.3089,1,1,666,133x75,fusion contract timing; mixed-source proxy,5,41105,collision
bbox_cached_depth_mux_to_grid,Multi-LiDAR bbox + ODA cached depth,bbox grid + cached depth grid -> merged occupancy,200.0,3.103,191.4,10.0,4.0,404.503,1.618,-0.1958,0.1847,0.0961,-0.1539,0,1,666,133x75,fusion contract timing; mixed-source proxy,6,41106,violation
bbox_cached_depth_mux_to_grid,Multi-LiDAR bbox + ODA cached depth,bbox grid + cached depth grid -> merged occupancy,200.0,3.103,223.194,10.0,4.0,436.297,1.7452,-0.323,0.0576,0.0229,-0.2271,0,1,666,133x75,fusion contract timing; mixed-source proxy,7,41107,violation
bbox_cached_depth_mux_to_grid,Multi-LiDAR bbox + ODA cached depth,bbox grid + cached depth grid -> merged occupancy,200.0,3.103,196.278,10.0,5.0,409.381,2.0469,-0.6247,-0.2442,-0.2865,-0.5365,1,1,666,133x75,fusion contract timing; mixed-source proxy,0,41200,collision
bbox_cached_depth_mux_to_grid,Multi-LiDAR bbox + ODA cached depth,bbox grid + cached depth grid -> merged occupancy,200.0,3.103,199.053,10.0,5.0,412.156,2.0608,-0.6386,-0.258,-0.2897,-0.5397,1,1,666,133x75,fusion contract timing; mixed-source proxy,1,41201,collision
bbox_cached_depth_mux_to_grid,Multi-LiDAR bbox + ODA cached depth,bbox grid + cached depth grid -> merged occupancy,200.0,3.103,204.32,10.0,5.0,417.422,2.0871,-0.6649,-0.2844,-0.2957,-0.5457,1,1,666,133x75,fusion contract timing; mixed-source proxy,2,41202,collision
bbox_cached_depth_mux_to_grid,Multi-LiDAR bbox + ODA cached depth,bbox grid + cached depth grid -> merged occupancy,200.0,3.103,210.015,10.0,5.0,423.118,2.1156,-0.6934,-0.3128,-0.2979,-0.5479,1,1,666,133x75,fusion contract timing; mixed-source proxy,3,41203,collision
bbox_cached_depth_mux_to_grid,Multi-LiDAR bbox + ODA cached depth,bbox grid + cached depth grid -> merged occupancy,200.0,3.103,226.434,10.0,5.0,439.537,2.1977,-0.7755,-0.3949,-0.2904,-0.5404,1,1,666,133x75,fusion contract timing; mixed-source proxy,4,41204,collision
bbox_cached_depth_mux_to_grid,Multi-LiDAR bbox + ODA cached depth,bbox grid + cached depth grid -> merged occupancy,200.0,3.103,185.723,10.0,5.0,398.826,1.9941,-0.572,-0.1914,-0.2464,-0.4964,1,1,666,133x75,fusion contract timing; mixed-source proxy,5,41205,collision
bbox_cached_depth_mux_to_grid,Multi-LiDAR bbox + ODA cached depth,bbox grid + cached depth grid -> merged occupancy,200.0,3.103,196.271,10.0,5.0,409.374,2.0469,-0.6247,-0.2441,-0.2865,-0.5365,1,1,666,133x75,fusion contract timing; mixed-source proxy,6,41206,collision
bbox_cached_depth_mux_to_grid,Multi-LiDAR bbox + ODA cached depth,bbox grid + cached depth grid -> merged occupancy,200.0,3.103,198.037,10.0,5.0,411.14,2.0557,-0.6335,-0.2529,-0.2984,-0.5484,1,1,666,133x75,fusion contract timing; mixed-source proxy,7,41207,collision
bbox_cached_depth_mux_to_grid,Multi-LiDAR bbox + ODA cached depth,bbox grid + cached depth grid -> merged occupancy,200.0,3.103,191.994,10.0,6.0,405.096,2.4306,-1.0084,-0.6278,-0.2837,-0.5337,1,1,666,133x75,fusion contract timing; mixed-source proxy,0,41300,collision
bbox_cached_depth_mux_to_grid,Multi-LiDAR bbox + ODA cached depth,bbox grid + cached depth grid -> merged occupancy,200.0,3.103,206.619,10.0,6.0,419.722,2.5183,-1.0962,-0.7156,-0.2763,-0.5263,1,1,666,133x75,fusion contract timing; mixed-source proxy,1,41301,collision
bbox_cached_depth_mux_to_grid,Multi-LiDAR bbox + ODA cached depth,bbox grid + cached depth grid -> merged occupancy,200.0,3.103,221.816,10.0,6.0,434.919,2.6095,-1.1873,-0.8068,-0.2746,-0.5246,1,1,666,133x75,fusion contract timing; mixed-source proxy,2,41302,collision
bbox_cached_depth_mux_to_grid,Multi-LiDAR bbox + ODA cached depth,bbox grid + cached depth grid -> merged occupancy,200.0,3.103,199.572,10.0,6.0,412.675,2.4761,-1.0539,-0.6733,-0.2938,-0.5438,1,1,666,133x75,fusion contract timing; mixed-source proxy,3,41303,collision
bbox_cached_depth_mux_to_grid,Multi-LiDAR bbox + ODA cached depth,bbox grid + cached depth grid -> merged occupancy,200.0,3.103,208.268,10.0,6.0,421.37,2.5282,-1.1061,-0.7255,-0.2958,-0.5458,1,1,666,133x75,fusion contract timing; mixed-source proxy,4,41304,collision
bbox_cached_depth_mux_to_grid,Multi-LiDAR bbox + ODA cached depth,bbox grid + cached depth grid -> merged occupancy,200.0,3.103,198.393,10.0,6.0,411.496,2.469,-1.0468,-0.6662,-0.2961,-0.5461,1,1,666,133x75,fusion contract timing; mixed-source proxy,5,41305,collision
bbox_cached_depth_mux_to_grid,Multi-LiDAR bbox + ODA cached depth,bbox grid + cached depth grid -> merged occupancy,200.0,3.103,214.303,10.0,6.0,427.406,2.5644,-1.1423,-0.7617,-0.2953,-0.5453,1,1,666,133x75,fusion contract timing; mixed-source proxy,6,41306,collision
bbox_cached_depth_mux_to_grid,Multi-LiDAR bbox + ODA cached depth,bbox grid + cached depth grid -> merged occupancy,200.0,3.103,234.976,10.0,6.0,448.078,2.6885,-1.2663,-0.8857,-0.2891,-0.5391,1,1,666,133x75,fusion contract timing; mixed-source proxy,7,41307,collision
